-17710.692865998037,-9218.879108551171,20512.358337987516,-13872.313954696407,30306.921116537615,-32566.961262244782,3264.702323787958,-9695.70212330634,10817.150718769502,39210.41616939488
-53503.85363001906,26875.341208932765,1273.7772930968374,-611.1648758822587,3505.691632951276,51518.63731541559,23287.326294018814,82632.9754022007,-14619.294271024608,17503.147647351325
3270.117016623675,58656.789347021455,-929.9786555829556,-8409.87694795874,-19890.437164170828,12825.176613288462,-37939.95967710606,-7572.711681321829,-39995.552974951475,26557.92045837375
991.8899228668847,2018.6743656105898,13518.695900770872,39489.106507783086,6993.7190205087245,-66095.39710478458,-83919.01797574891,-5338.403050172373,-5361.6567105598515,7903.265362023104
20513.391814889495,-11378.76647033176,-9494.143288231073,-30628.84559787129,943.1915717152126,-2109.06769937936,393.89395065280496,-35518.16320429685,-32631.25440271216,84398.67961087226
-37059.691775402964,-63808.02101442208,-75658.78187995059,-12463.22341680576,87233.685556644,2496.592061745892,10711.943383104212,13726.356184920181,-3443.7660648603696,34272.081610772664
-47233.67533380954,44457.36542138014,35634.51464022542,-23023.511615782973,-20296.514433019285,48198.950518775615,38456.45380454945,-32856.03447519447,75937.91374683185,58286.20328301983
10779.449708843738,23404.83758972782,10782.673607855793,-41200.01013355608,-1735.7743537405945,-6921.025843355719,-23364.408252593996,7909.125913048072,75299.80103158487,-8775.693153046026
-52662.26591777572,-45004.075792394025,-17005.866734063362,-36449.48580667835,22252.331812565015,20813.075349650535,-20500.02904102246,68922.66012279349,-31445.65176127355,-5350.415398380556
42385.554083972966,46358.87349858341,39901.73575101934,-24437.196039508028,50250.17436826223,23926.34492206055,-86874.7474711561,38028.38122473609,-49266.598982441195,-28970.454651104734
33242.62266365635,-20795.86901520874,14782.969370985838,-18359.896626903017,26857.75569988573,-454.76512779486086,54580.21365821753,-10011.458503112819,6799.762857085866,-44191.2690158216
20347.383224608056,-4960.056215470136,24740.4056105727,71.55772633442793,3055.0800086827685,94736.72310070615,-8154.4549818454,37832.299238928485,-5557.374323444075,-15204.85522114983
-31011.151811446267,36991.8842705589,3574.075091323175,-81558.37413516217,19930.071492903207,43911.64875413994,-76327.43463641519,60432.42577599838,27699.19191954958,31391.23502448194
12851.578657102977,21017.43720522059,-37049.23578766297,-89285.00187779947,47027.75137872984,5771.808520494524,-13565.89122315979,-59650.43446668615,11790.671691163732,16117.160568437697
-5993.784777621558,-6135.4634066685785,13561.388054523377,-10259.255492817685,68084.72497156585,1891.3176674364772,17041.618985803543,-8020.934276153614,-10117.843028622083,-19774.784247298703
-50926.04384382164,-17629.53938120741,40303.24702626732,-11628.109274371938,32585.91177913114,-2961.152207058769,-51082.144856218525,-84323.641764335,-37030.7948069774,56925.33913888564
6530.297917713775,-30345.87541443704,-959.3223701718604,-42739.78261464192,5947.155788881598,31974.314459860758,20874.170981178722,-85497.4198691617,-51583.629767433005,-26145.94903484656
59093.0752339889,-28185.027610406894,5978.0973901484185,-24465.923264287852,69499.14702808237,-1334.4205719997217,-10759.827586424262,33557.34141050466,25415.851074101276,13125.826092964713
-101555.28776729325,-16958.006918012106,-17552.405397958766,-42924.95231914453,49049.83659202197,4014.3681565288757,-10154.376013950447,-12393.51956865669,42893.97317734892,12051.710087388135
-40004.39961094136,-13942.02879983732,-51599.70022426858,-27655.218659314603,46931.07239584213,-23426.14901422472,-16294.961396311894,-42342.50303553024,-75148.81306131586,74280.17597825435
-12350.424912843624,-59255.73037578876,22454.26124260344,-25376.91190513761,-5927.145103634975,-7476.829032094359,-6535.718846807192,-46552.51930367522,102358.43402289436,74813.97856004447
-46340.046311881124,-11805.777112400976,-7413.48423746691,-36696.44953029695,64468.41632072867,64868.003987140524,15360.583267810698,-46311.61366116231,47128.30268690276,21712.30485090267
16925.50452745085,74673.09967841399,-53061.18538630359,-10894.341413439204,-18446.973381968935,37400.65082614764,52677.132031288114,-2369.7955478445288,16858.875501933653,13297.841214986991
40905.85286594136,55750.165753249035,-7953.381977137476,-39896.03362062685,40836.03694544285,-27953.96755597881,-8494.374089855775,-37363.02111965005,-15118.541082026586,-18677.61105962583
25711.609983825856,-33768.36488121629,-6784.982841951793,17513.37453930623,-7885.870052697607,18776.258929342825,-16525.975405538928,30851.614405913842,-87315.2757975137,-27984.021448198084
-41266.35375968228,-14838.554367118326,-57617.849117616024,23675.73131935832,4904.480583063743,41472.3868925824,-17951.58527426966,-61932.29797500542,-14793.13727390536,4959.493999357178
24541.878688781737,-4011.7805143009227,75438.69171024549,-50409.40059321605,-25106.244448803,37340.63838354298,1677.072375088621,34489.66059101637,-2423.682545974484,-9484.162787485058
-6702.35817431433,13204.13514058783,-14331.234542725077,2564.6408928366336,32860.4526972634,14307.60639043287,37371.90226044729,-33957.322011387485,1029.3971631924014,-15632.080580216407
53000.61565235472,-33961.4811771079,-54930.945056705554,-22786.927928383513,-46068.525426462926,109737.26229211978,-13542.89386083518,-33710.15902092759,-19263.937664415636,-36491.7631552876
24879.12901584119,45538.98374407922,-19545.507237571157,-10908.621418481825,-8957.42894768411,37408.360220564486,-2794.220103958979,-55085.39950913875,-39680.92713418283,-31969.915127377713
35742.71210940791,32519.94118782519,-22616.12685516296,26535.50103956407,66922.60208948806,-45865.6357671135,14278.216591493987,-14981.119178069042,-32456.347098847888,4681.141166466377
7482.518594522309,31726.0355248023,-17859.229691132718,-63542.66266325137,-15371.720132147913,10675.688822542388,7582.217888552716,35646.10379554055,17458.739483757785,24123.00540938306
-180.94530410301832,-72050.49092138889,63.249981760228366,41861.63405269712,40354.209740367005,-3917.148390786573,-34164.457136826095,-15611.983419954731,49499.4557119076,5775.635875598179
-10111.93217779607,-38770.059856387146,-47127.26070662268,4261.644588251993,71364.74096919483,6994.016202159755,5158.257927088314,57158.906583717326,63563.04315299302,45166.17531895942
14869.668767747718,7002.377327534599,-45527.911912223855,-45652.2083639284,-3786.5519058684495,-24924.560721566784,-25441.634439317284,-7647.990157514909,595.0769691541008,-29333.80708261337
21042.319918742076,-13208.436470886743,32602.82697677799,-42161.32460264537,-11457.535883828266,28934.513656280487,46796.52082628071,37812.8552608502,19538.60922443599,19140.177100099456
67673.78789533355,7261.932460520648,59369.12685082344,-40018.83135154021,18607.896882265108,-10572.943557676112,-27200.14126177658,24253.125523217135,-12733.32092683502,-25420.454220659965
-7315.236105400841,-38855.874944925185,-26125.347941853535,-73004.5482206352,49612.77193494674,62737.49817801527,-39061.640760514565,-48501.06538527148,-10926.08988463209,37045.25943720846
-33060.86721149961,-45687.275697326724,87170.48954227763,-71354.07227526317,7403.354812595608,43031.775010857134,-5083.6603291630845,-16820.525115897,62130.00050421351,49163.73072419353
49799.62397992418,12951.448543440938,-49779.20526773031,24068.06562626552,63933.77119393443,51957.405253471494,-44437.53060749005,-24027.29352954843,29468.357132708938,-24602.18748905947
17226.375089883284,-64205.50857467306,-46862.823170641306,-1409.2990163188329,32575.324530765167,-1487.4079599502825,-29836.212569071886,-42596.05853047206,-24566.882854904743,32118.762726239358
-3464.7272514692286,24775.54954574221,-8563.980152067963,-73869.47569426853,-24297.217602515164,12519.05172948709,-53220.58729878784,-24830.84000467677,23892.19648758138,-6516.608747669918
3621.944412126346,-37881.17803446883,1335.5765278019053,19718.223511637098,-17948.71708726509,33388.24629651933,-9001.31140612917,-62819.820165466364,-38272.90281089645,39163.136543373126
-15381.4296110413,4226.323721665958,-70535.28770548018,-73380.96894819284,26765.151187469524,64756.89745511702,17106.722402293737,-16547.141933045525,35678.353844510166,22618.293052172477
86489.39341013349,-63051.414705689036,-42671.96052277581,-87075.47601865472,46406.941737674926,42196.362723608865,28906.26068720566,-47659.01688204911,-36365.18032917749,39760.79067030941
9790.588493196858,-22769.59063275525,-9841.603191279206,38943.17187609324,-40080.074324758454,13702.670328960445,11642.410561299856,882.8528196691398,20028.07648003725,-40000.00025675731
3641.1989939347486,-10962.375166844471,54065.81706666277,-29765.099770611047,33296.983786526434,79821.52264456819,-56108.8747383171,2610.5834377382944,16471.589042513657,15933.441168756224
9382.284029680717,37524.20755820753,-21514.648664189866,-16114.190744816044,-46087.09621969843,42716.704125755015,49075.36642865648,13132.274945847423,2397.5504966391854,49588.51922944796
33892.58642827633,36920.69744323316,-15580.255403308724,-14093.49569287801,39229.10767024477,60801.569037317575,-16094.38162920845,-16322.33598467934,23749.118061943416,10768.037175900352
-25747.96622532061,-82950.61168298165,3525.6443250424763,-7613.6183602858955,49407.085614224095,-30005.127825864984,61209.72648577327,-25652.226304859272,-62959.069444473695,-39246.8924783314
-15045.433794675086,4823.655491638074,8481.59615288111,-95384.54369884187,80470.978528843,31128.10147087477,-1808.5406457288013,-15362.269446100101,69344.56939683533,-15452.882347521912
-30134.905686848786,-12655.966621316893,-100514.04787994527,7893.820050438232,14177.161959787703,30226.584136139485,27208.271327418013,-17248.678979432847,-10325.816441083814,40796.96805886638
6860.015370626353,-46257.313306101496,-69942.11200990531,-11036.93081979362,25358.617107181395,60024.19964499434,-32631.063442240116,-24978.740922809986,-15093.945829458313,37894.24598470323
-8902.972106694797,42613.27938116648,-38822.19281799174,-1198.013384420738,-57938.69043843093,20821.498019986368,-17810.950971421495,10542.631184199,-38260.13953230624,-19852.43632617141
-11424.378834991701,34978.17218633144,27251.86960547285,-106676.13905175729,25786.259136544868,-14019.206710313778,7611.349655569574,41582.39957942148,-10000.13738954378,35410.61072813587
-14218.33179792141,-4039.976310473491,-42175.28831816525,-50222.02038863791,-6263.485385972597,65796.67821817228,-341.13333179016195,19474.003651627812,8138.001833781729,-14711.770171722923
11062.091997210371,-8430.939108683135,-61005.52145469428,-49281.06072477751,55678.04353739309,-7673.889034103515,1991.9757789954156,-71618.86245666696,10248.420258893531,-26233.147858941546
17988.804808475466,77799.09745027828,-23907.11953694349,-22546.12076318894,31492.83762027915,41236.785488356036,75497.42917368286,-50812.667342926674,43769.081431123486,55328.8570830784
-31375.45452917371,11647.93143995944,-39773.537825860214,-33569.013437664296,123.80774855590084,75935.90019617164,-11846.409470140736,-59327.97169402062,-22917.51026332369,35020.964959214776
-13596.660602967098,49580.748295689555,-34873.92486615634,-69846.39071640771,26801.250546654286,50590.09374775794,31209.59140740474,22576.717760224983,39754.29671635473,31297.132578052755
22500.29325748669,16328.06270397297,-26516.7979967962,-15329.376758074131,-2917.262081715445,1407.9426309658506,-20678.737892374123,-58371.163610414136,12095.766434295569,-11664.405905553233
20537.829983968015,22973.747229748562,-41201.96822215522,-4616.630712380539,11087.137518133926,23749.08791269259,5416.5575822812025,-1485.8548634097333,37473.196900354415,60748.138376875606
30042.208024988908,8393.464677015048,18437.693059492245,2026.8552791151515,33540.65087541026,-3018.2826402296723,54949.571416547136,-11402.427461234827,72367.23304343215,974.2504264431991
3271.5195621306902,-7983.475075546415,-9638.866296848246,-59740.91901639073,3853.6618841274476,6897.248865134421,8723.19112813334,75992.0445688398,8286.365065847174,-27616.070309351373
-67774.61759411977,-11012.927793959712,-46386.391323999596,-46115.20881210892,74276.21236514945,-27099.925670853125,-42963.08282734649,-15485.542274788972,21936.826490598676,-10819.198285149458
45750.981346632485,-78752.73533260386,-30349.254435646493,-3662.2762799070306,63427.6354315867,44465.74184092897,-79553.32437919873,-27077.489037889725,4762.137038505934,56347.085655059906
8231.765056591132,-2749.6381363648056,-24814.738336047027,-51589.287405934585,43871.471060870615,32965.938149396265,2287.255836574401,26000.819011238324,-27247.836481464743,-24371.074767510916
-15579.087935000853,-61894.157191744926,-972.9366310888161,-5332.413705734743,-30938.076904112873,46416.94181399857,22729.696348839596,23088.700604196034,-53913.153504987575,55345.96376599205
22684.01118799197,-44871.22016239693,-13987.271098764104,-15413.217033377603,9839.077289150242,-40472.29893620438,104.07519281052578,21124.550493480365,46176.274854046365,-17901.961651186593
63390.701218347225,8057.031464139381,29666.201111380833,-42680.426145193254,5403.544065512558,74806.4202454266,29881.717068856702,-19283.972732183487,76416.73311143149,-29766.532044988824
-22000.591885513328,-401.8992309508658,-32157.26381453615,-69370.5744607704,4563.756719575024,24471.12983448345,-31151.50989568609,45121.457327202734,-1123.53265071698,-34237.22864542152
13241.23587437931,-61615.68051493558,21275.895545065196,-34979.568384185986,38236.15643348906,67034.12372844492,9229.372602233661,45213.58310432297,33608.95089772161,25443.631016702177
-2185.5292616448887,40715.73917427392,37793.29587751218,-27347.97214303186,-3107.9812768187767,13845.692935834275,-50913.86244326602,-46114.48226904561,-34018.850666605365,17078.44280268754
-13408.141175551316,-14668.86964990845,-67887.4157742028,-30425.530204332415,24972.11194734036,41466.63508931257,-45403.84116006769,-14097.754920071255,33239.652639941094,-1091.3135739555323
-29537.28225991127,9574.888356088646,-44292.76639066187,-27590.794605088122,39982.031459303114,77154.17123018808,26265.621580531166,10715.56219966819,-53449.26686578145,49195.49130800621
27222.36813596125,-28033.69205531454,6372.084829678411,-46622.89678820308,-26750.795933061476,46152.924464041585,-67215.15085098502,-15251.90661131235,35557.07987875853,40138.85412865881
783.5764555202096,19355.949125778578,-17340.1223655482,-44966.09335366536,18133.41198463362,8734.68996011002,-48309.84807544652,-12573.36041825878,-8187.488437002133,16594.6877699613
-3909.010875103535,29636.844144775,-42350.61050575387,-18435.75065531283,-5615.679321392964,-26933.283020059593,3448.6134444877644,-39483.681911196436,-11077.954873864717,-22090.318417499213
55150.970333023055,4115.04434924782,-788.2056181326651,-50526.61221990572,85557.50629476641,3118.0185746596153,-4150.901916584276,-25945.788083657997,-39206.76170346834,-101021.57003470995
16591.92445645523,11242.68754729627,-29958.774284905543,-32944.56860222627,75917.36887702678,-11533.84121646177,-18654.397173619724,1024.8041478663652,-10203.425411865846,582.8543531653863
35318.6644929909,23204.169581327013,2600.8405028002744,26469.229724015764,4065.4901404024,-19256.12450491807,-56808.25999681127,2443.2573760992022,26389.667572778024,14587.287379137028
522.3987570411222,-6851.858386512135,-49198.37834249752,40454.43387630485,20893.997091853493,3634.5455793551528,-25626.524075446825,24058.06891766659,-24209.44449962011,-917.0056851917345
-29355.48876279856,-23741.662103898278,-36905.39423080829,-39424.5276124041,-1075.055506739628,27834.607927261,38776.397930009625,23144.075572854832,20512.988982847874,-887.9211834580703
49820.35016171473,50168.67820095493,38612.73700841427,-13361.174386803707,-26782.482171442545,9608.671072358004,58887.43284897309,-21770.115467857013,-17843.08808315072,74936.64141968678
17551.51265862643,-32921.293977411835,8850.896995779287,-59776.24875293059,-7128.954688513138,-3047.3824550785807,-43361.99303894613,-13513.297835238518,-14028.6941922008,31809.56390909987
37708.27211652719,7361.50980473539,67082.62977039523,40468.34421383057,74585.35686543987,17221.909653927403,29380.745171761748,-53924.6313557374,34511.03939577458,15530.921611968923
38306.17071251877,-58398.97221081929,-3815.945281036128,5231.160813749751,-3948.9091317989487,-735.3742281304352,4824.557843959418,5656.816211604713,-24764.58772224269,50392.25115472229
-77364.94465058345,-7044.284660385329,-57979.83621592774,-25532.93750211341,68417.3821889042,10861.606260006025,16236.393437820007,-17839.040675894477,1360.2665429109616,14091.542065566055
47449.33200148713,-2787.2263816695177,-6414.8831165184865,-2150.7877181515546,-12517.404919882307,25901.016423984394,-22085.364257161156,8400.231950718451,-21850.695950519206,9998.550580851395
2377.3416271657306,-74315.56950787557,-3746.4179504955555,-58214.6114168324,107956.50896407237,-10665.195168202876,-33963.93761580221,-80144.4542113271,25215.437421761457,-69583.50412355768
-32559.11843838842,13836.473601108211,22058.84826211806,38911.365370715735,-15703.45529949008,87567.7363018696,4234.4356214365735,60638.88087658579,-15183.967794442715,24732.897055507965
-2358.9117641958783,-35851.1532227425,26505.72086197291,-72294.4913554845,77664.61027956795,-39104.382308138716,-8887.440380239197,-11496.86335141103,-34122.1150196214,-59011.598430931524
-24332.125965292762,-8198.587302121707,35141.98674932845,101680.92079635708,43362.72305022624,24415.30228970509,-48866.464365666514,-15355.981095166173,46666.46108534019,14472.810221404532
15141.810060076152,42751.14911523041,30807.444763778087,-47409.39607712656,-33693.68772214435,-6390.411080486571,47066.869633671675,-17337.553753747612,-62556.27410237586,54035.12534602197
-45316.88606544331,28690.73970319502,28879.64497252853,21009.65706659715,63671.01991761902,42721.14569448309,-12554.223797439217,16477.034031426396,16410.2421554993,-56877.701015819606
35491.557292195546,-4967.90236148356,-35406.856880869454,-29589.836165472072,32608.412687587275,2755.5805262612503,-11642.63672063969,-3285.281878706236,64269.048569872415,-43055.592554119445
-18966.033948225668,-47383.25455230636,-23244.904719416754,-30611.72447716785,13877.73813168636,-37671.25863032424,68452.13860845142,-3217.5155933194997,-37555.71375704437,-11037.423976468344
3031.1647750506327,30149.895914490357,2712.949001688098,-33956.6417655395,25295.741903794962,-15718.028708997917,41600.19638118962,10944.8208680295,25142.351385008693,31002.550427355593
-35338.502754528105,353.0664607471488,53324.43745603505,3378.117833961818,34466.4614217856,-41440.35191735904,12903.364643412395,21406.714676156284,-45366.90741006012,-80567.58508681039
-39752.6414488283,-54800.50951833056,-17185.883160629768,13612.639594421627,-2888.057976588174,2207.859654158785,-19431.354084444294,19802.436551874496,4171.546846658193,-13478.60328932222
-55196.16559437242,-36805.226798806805,-7063.712513928042,-15930.009678783228,61145.578956556084,101704.20949846422,25923.111100716895,-4344.425123085316,-7146.737899527634,40898.774444181196
-18123.52359047848,17066.55635257402,7255.662635453198,-62927.48667026501,30618.355918000634,788.6809579137725,-48683.19768552377,33854.56914336434,28173.9248021851,23684.823752641114
-25286.161801914524,-19365.18436711757,-7519.901334578292,-15671.40575290847,28906.9249695497,25863.08200261664,46918.437914106595,74304.44324077194,2867.405584886592,-26099.836596731973
-34089.64621890418,-357.4526255865453,1374.976073455656,-60531.95973654454,-39859.948752568715,31756.978184231986,111878.68435427514,-22281.464977584597,-5289.014028656093,82413.81360361405
-41082.683738828164,35098.361526583976,-36259.187187021256,-35846.07805765494,53441.5682242057,-67436.87828729785,-5290.063582408213,65606.58313539054,-49494.254622508386,10251.685166106972
3500.1164048113224,-8796.568444897266,-824.6718133120268,-60455.701352163385,8528.372437053107,80204.36384153126,15579.431051027568,52982.639018439964,-28463.621182570023,-31856.091420191813
6781.762171413197,-48196.94429131865,18710.529923494414,-47283.33740172023,42076.79934023395,28519.509833294505,8857.433610708082,-16512.58651140535,-2007.4828988540596,24036.70152983992
246.89216057608803,-15481.27533750021,-11939.32993426634,-67665.55025844969,60278.504191716645,3998.1864661605377,28721.9075614402,-13099.379275371035,-27779.781886959987,61512.58749157936
-28900.35681500005,11791.095668300248,48271.54305558467,-102262.88509670299,869.4857824178114,-39608.44706809967,-53044.04072413728,-572.1397830546307,19022.02254517775,-13055.804186797459
-28417.00041521032,-20743.95406430111,-4760.735859033,-27077.98422492677,-43394.66111697655,-41235.73588768862,-4841.469604469568,13931.78637736658,-68035.68184234778,-15616.046600152733
-69063.60164523522,-17665.85669070087,2548.382264288172,-40781.06364432351,-34227.93293890457,21277.940890933533,9555.136266732274,-44366.68345624244,23309.253458686875,12998.47732992341
2272.578609602122,-68103.76528095045,6255.049737801382,-20749.924860394294,36653.60670561759,33807.39698459131,-44628.78590135653,9310.171278935506,-16373.217384008529,-58675.534803314695
27474.17302474942,-27036.233194184155,13815.826735383092,-22920.707610096728,32729.090802633535,12760.682167532776,-31480.381788832245,-5804.203659585395,-34247.681227875095,-6927.707904475254
-8761.287749218955,-17317.9393040197,22775.94366143517,-45267.533910131206,60066.560691203274,-4405.51334066133,70706.09275242726,38870.64766479642,-37973.678987818595,22925.76934868328
-11379.988804646631,-23535.00166299601,-30956.63885824115,3652.153476468336,-4721.054476442609,-21100.73251738025,-39046.88192793568,-36783.30881271383,-8459.65429161491,-19310.20335239803
37054.56620508022,-11569.651399195649,-37205.796874889886,15924.029284144399,-19670.319350421247,44604.0393968773,14631.512757439474,7658.451750388737,2295.344005656336,-31901.246434803008
-13595.651223159453,-20533.921472965547,12867.181217628182,27631.982788991078,26951.91447563892,44891.18818631288,-9913.566143713215,15185.701284453942,-2788.4660480230414,30983.21020865656
31763.010242378186,-21450.830117609967,33643.110939181664,9914.57280197748,62626.4109292835,62881.31605111046,532.5633548671873,-936.418835431848,53174.57728993138,5546.61049200538
1899.023490993632,8392.978731259482,47665.339678886216,-27216.773441401154,24034.332196871514,-11108.161923903472,-54279.59367548906,-29712.499751303436,14940.674052563309,-69185.85004191773
18235.79772311702,-65853.348513309,-78104.08341731253,-47363.619729485465,-3426.5512769778375,-28782.453082532178,18561.12664373869,-1622.9897616632102,-18867.519679243287,59103.11196302792
32093.706104991084,-20271.53785013902,-4153.755615924475,-6851.499544121294,-5367.949464854718,-10768.77337632818,22949.48405807505,34324.801978929136,-25557.269873853522,61239.1091930429
-5023.533221341566,787.1745981529825,-3620.258466088374,-42287.15598626841,43615.24747648592,510.69843220735396,-1100.9226155908668,-16195.802904668772,-23352.48812633038,-13449.970755524166
67151.02018328254,-23004.910202880947,18587.53356378515,-21933.425004665667,74562.63140634503,-26855.345225464698,-8816.303838994087,-1358.0068410296938,-16935.265201078546,26825.05132942828
-53678.82495410986,-36143.51259684631,7237.075452609756,-79678.13137092083,36615.90608494979,17695.68242081168,15253.754336706463,-1018.0171548291994,-14671.166031819299,31886.48901044267
-12888.439382086466,-16758.458741294533,-29099.168166097454,-42010.88197183395,50131.04539380037,53844.62714044705,53029.15831191347,47721.91339380167,24296.90504449037,-18597.840761399486
-30312.099078898053,-8534.574724570939,-16779.999409336982,3332.2363502898106,929.8405534101507,15576.146243627736,58585.26513610489,67710.23728370934,24579.000910057992,23167.518908115446
-59574.28200407359,15780.304185610332,48462.362184392754,19378.66880049283,-12028.421236809536,47669.195105461615,-57464.09176364939,-19768.576614128677,34035.665469157524,26375.214379476918
47008.17948040866,38601.26406821563,-54949.66829221631,-61670.34624539447,50787.70020537348,29028.387748104797,-477.05306110316724,49997.846819874314,-41016.75420088937,7110.696065942973
59914.93426280906,13978.733720811028,13.31571015329655,-82911.89002236276,52741.15373827532,-4.477274001812475,-21653.58058325283,13616.947896804048,-2554.4449640570083,-5288.3676096929275
-21070.029717905058,41503.93341548361,4847.985659800732,-58445.20141849776,-23987.892415935796,-28719.257425711727,18286.041887153187,-26595.527597798173,-81435.69243514545,-10725.417965902665
17016.130130034195,-26057.490272666713,-2770.5061416776844,-103482.97461839762,18953.190837475056,45597.7230478289,-78548.7967076561,-28859.076307092815,23304.196578781957,53807.25003688157
-47316.32526377361,1882.49921643435,52965.105209363326,-8843.47334950197,63867.50496023135,52795.14006746863,50255.72942061958,-21189.377221164425,-11416.416651353176,-1464.9635882300947
8888.495847579665,-68475.49157291854,38065.702738620785,-81522.99310781024,50910.29464997507,-8463.920124827388,-22552.825865133487,16620.86523920686,11973.588621904166,-19915.924842090604
7606.995809179589,-40367.73022940872,46758.37992201486,4783.7514352036815,87494.0530222424,20567.73084974688,-1775.5706138096168,39104.18899211139,20929.357808360113,15908.50473747926
-21994.53528984205,-16278.904656574437,64906.71133759313,2071.331391958741,33597.01568292045,-12159.995371101675,9580.47667129147,-4383.265474491753,39357.010381472246,-3864.1651130813725
14216.804348121115,-23115.769875137226,-41875.92781109018,-32959.71196229683,-23706.9352823403,9827.243578279598,28293.144300482996,-34582.31829746287,-10807.656832759505,105919.55496647127
7047.296740648387,-55674.83322448494,-76872.80522188189,-12165.22294189382,49912.22307007108,-1582.302518429346,-63132.97414951598,13587.778783007718,-46878.44022323799,31131.60796388392
-8720.018891622572,-39817.34946805538,-3702.948301577954,-47747.636679851545,52486.548457444536,21311.932954489756,20991.49080754402,9306.82394471078,-43171.31623413097,-52893.06903329274
-29768.332938275686,21492.047542343156,-13393.773013159327,-10393.474368402769,-11580.105074815507,456.4885284567639,-3851.498623094005,32118.641317473255,-305.30248725278295,-1524.8986401877492
-34574.87003763192,-31638.604793156075,6645.8112416074055,5651.767071195109,30961.962995148744,35627.20506722891,58973.880091481966,-35903.21554074473,-12178.100087076751,21429.203542662086
-44295.53473570076,-15548.438930303882,-49300.4015479888,-30252.752086964952,43809.34458322743,51609.47321967423,65687.11464084756,-376.9006523512193,9087.39319711126,-18968.52087010986
13057.78454196468,-49871.75457359484,57566.69053216907,18404.223094989335,17572.313828877293,35550.92989684567,8739.258627427622,7702.411883645636,18930.147595299495,51466.403357590956
-12837.244142535548,-56314.74196765721,15009.170977778589,-59398.99742168686,30243.677126785526,-20925.02892362201,20811.63386630639,-20929.120333175953,-76715.23151387395,55078.79500817411
-22718.13965097415,-22190.240350796725,13122.895697031989,-21581.233161816155,74038.4757479624,-31176.025665391997,9417.966621536058,9130.269054131955,8891.58925784491,17723.898798503484
45810.47800777926,-16361.026570424701,73134.9407727223,6313.909248531105,-19222.20340520513,24635.793548537506,-44244.6972770566,66.08143919980239,51922.53432263486,40227.21744128598
28537.527364370428,-2560.1571971579187,28082.500169699444,-52921.71704042886,37506.56105089888,15941.131614909687,-57474.693282294174,23762.98000047703,11274.76109757812,-28695.32007435169
2939.6384259578854,15304.341526270802,-8721.983591838016,-16256.773375960487,-7021.600996121781,-31841.474002127725,62526.92100096839,26512.253954779415,25663.985481548858,16392.545237115766
28612.66583642113,1206.4019207820627,-22598.43084295114,-69051.98610423537,1062.1142174175286,31849.11360654999,32018.022328041065,4878.329047032715,23857.861275937652,-33433.812068802006
-20498.533319998875,-50664.85426345901,-596.1398673373055,-20527.925256921924,85564.00848946585,36991.845748352054,34097.43344760747,-5466.347505034972,12767.944850927111,58221.757759006956
5959.523369719035,-14250.75793741916,-22389.852146955214,29564.32191047783,54141.2576934815,26227.70273747872,-26097.533020520164,36995.259641265206,-24439.698325731504,10119.298190521451
-9688.027923758016,-38075.80001171696,-2499.0325358335695,-58982.99626298939,78494.52806682736,47954.56125862166,-22193.783960589513,-54435.30355915445,17071.342008451014,88457.51363639643
27042.104346278415,-47476.81092533085,-366.70191760669616,-42393.05032420588,13445.182464404219,-2003.0833875212588,-49395.39874936293,32218.51843922567,-1369.7158291259793,45598.037145333066
31440.275976413894,12328.93790173284,1125.7821120448202,-13701.56933348619,10442.492868154253,-17158.05428677,36590.90892704336,-3121.493471348852,-14400.892674180059,-14517.865574697375
-15223.852062881444,47860.42236822646,-79714.82066455697,5278.922366726733,8236.157447282214,-53822.832381351036,514.7076814586941,-47824.72326277053,31022.597874355015,63060.277340450404
13561.267646754884,-27947.868684889185,-211.266080899273,-95474.10872538153,-35095.67011637956,31511.454630920114,92506.80143857429,41403.619124412704,-43654.31849848796,22316.519014094927
38651.53906428013,17200.728368144468,37343.034654245326,-68845.76627886685,26412.534057997764,35333.30157655715,31956.606310438412,36435.48791112375,22043.60448225955,-14866.24298050268
41521.21518977543,-19150.653095177866,-18409.38772439198,-64537.869083771264,-2137.642603160635,-47339.33302335562,9509.292751145267,-33953.95887445841,58917.18496996038,36824.46729374181
40586.38955313209,-76971.48996261958,-32144.27167101221,-40661.75204618,58214.81020470311,56079.76557941684,42738.0289800623,-28303.274560135374,-6011.00292768979,-20032.003177672203
43532.87877463812,-22158.498382604794,38156.079931324966,-52766.9617333759,17937.66642924072,23607.365412810992,-46961.381798370436,-55089.609140861045,-59873.601708117145,69008.73916097092
7216.215558129581,-1063.3681355446802,15361.91370953965,-15378.608931507479,-36149.832656966,-1684.2528121441492,7064.115547339388,55309.75818617146,60042.73999423924,54818.82906590577
23438.417320309884,20590.431326931495,-39912.356073065246,-9581.704712266332,32875.610397010256,-14284.04562623441,42534.997444147826,-7978.851267958315,-34446.37432423142,29342.006052880508
-16683.93500239358,36232.31649251235,23618.391294962454,-22579.31328970731,59677.235589706426,22314.738710902,-68233.44954595341,29933.860617350285,65559.65276828212,-39317.78081494903
-12430.477416242638,23823.92912657255,-5022.128648890997,-71263.59919080928,45761.70096535898,-372.6649765012757,45116.22709616619,3422.158010924045,-23930.836523567195,26350.63188277415
-26168.712447815917,-42836.8654279685,-2208.3645666582443,-17495.505622123856,17568.858571369685,47079.20648246971,-29301.18042145754,25743.87012798263,-52048.61176148969,31632.70876625057
-64818.13272911807,-98398.90378667518,14630.67547272718,12594.415419606052,3261.0797594956166,37491.27628639844,-33677.858701736135,-12716.182042671237,-7655.475259593996,7200.08896893738
3824.0092771996524,4405.376057032425,12341.048744663143,-27002.166001695547,80152.1657725138,-24784.60346125964,-28885.64858309158,4967.886037805142,-34747.61008299676,88173.91600130273
-44694.04149361626,728.9144768179577,-7728.359373614113,-15400.919492678726,20439.165810691968,-34011.33409111752,78421.08037338272,-16529.49265174235,18045.74440622549,-5204.046889426908
33576.79825123687,-32697.13027646385,-5537.685021942182,-10377.604631054355,34626.94037378937,-4231.2229776083395,-30133.606277278646,-40798.042229562256,-4338.908972144219,-4138.7893050485
-102730.708735437,-19490.943758235666,3619.262056574657,24696.539854828898,-4747.3059462453675,-20081.139801947615,40741.060759819644,70866.03956876814,-20786.376658068046,79326.46045467835
-1361.8106135326743,-43181.07890322551,28381.573742260844,-5063.519117429354,-1648.0231364267638,14443.472758400954,-37162.3058533572,-20543.52806947977,4559.826575141543,-31195.070660106605
1537.5837610599792,-38556.339237391585,-29284.650933463752,-84032.58162624597,31484.47968674566,28930.58365944417,-8743.810508877657,81350.7533976813,-16681.126859754328,45536.05151033044
-35062.12194494171,-34937.99980871666,-24129.659328249523,-24207.480741910455,-39807.87921596356,14131.618236829298,-4981.67967506855,-47695.14141965578,-8381.371469585485,3386.8103552078
-20422.73188686015,-22454.530149685466,-3741.643840024527,-116164.34581612688,66690.62174604509,-18387.581044845603,-18617.238566171658,-44544.69055593088,34109.89857504375,16590.917716919463
-29547.484107188728,-10394.135588444897,-46412.08339322388,-33811.32651236676,30625.758503476154,-18101.24521378171,-58024.17935002314,10383.758864582656,-50515.367859123304,3269.3872189173417
24445.637710062827,11264.052899270495,4065.568189059277,-10239.118361940953,-15026.698766159694,-13213.098938217194,24928.339839330853,48332.895216513,12923.246305389655,35965.80695676526
11656.784608821092,-24319.151495187052,8751.534021935335,-64048.926153743654,-38249.41253692717,27751.376244492218,-27374.232741172527,16028.364245066034,-35974.612266760814,43501.80708233084
25538.552415197475,-14658.154674138352,-21036.03065752793,-74277.8389698866,19563.091819210418,21768.966922085183,27169.826550592814,-7629.963488770943,-17155.037209370996,27838.257583598606
30932.212233719183,-13189.318167383197,-55665.4489319804,-60182.523381297295,-66833.4785348271,3909.401051615204,-17605.508316561893,43923.38674517572,8408.038700483008,-14669.124499848089
31040.82283296786,-32995.71553416537,9464.41902065558,-11338.850368124897,87107.62343477803,-8453.179299288686,-640.71649822397,49827.83603026219,-20899.02447689245,50293.6711485029
-14579.571408202324,-24344.1797260176,18983.068730689036,26252.89729186163,81700.30491464776,63932.68122360935,-89501.5298844714,-55424.360976454074,-13795.270761412561,7402.157634494675
-30484.820117873256,-19973.210978509633,-86498.70661366427,-32026.990185667266,-17129.08286835478,44281.4232308494,56465.44918725834,46465.715383321534,78035.5540861081,24615.88636040089
-18240.04239961672,-4487.816358940534,25975.77424549216,-51935.49079736513,15206.241573682177,31925.403622729926,33243.101182889965,-40158.104498931294,-3329.816402036564,13769.337612072131
9458.048508161073,24921.391477855395,14996.171488375396,-37753.60402710826,10106.80691513735,13286.453917043178,38872.30571331451,6012.916310832437,32109.85497435387,-12009.489449075549
-46071.16201615965,19428.469013502305,30538.25298050669,28254.251973048726,-14982.134048750186,-24467.54655129719,-24660.021972798386,-9122.840401914662,-7059.199084692225,-32473.877934016124
35773.885947937575,4145.699254297046,20635.56541658965,-40698.5913938196,19953.185291427628,-31211.303940556765,70601.90932890933,5838.290289093926,53001.16523275508,21258.094115821437
6603.695424374214,3947.265113088253,-40510.68919900788,7556.706531154787,-53316.91577052222,17535.73990780207,176.38327006221408,-21255.576076802045,-26570.235755575653,11790.483918962538
7457.460802023392,-1422.3657321959765,40999.274025650484,-40249.17004232789,-24066.669397788704,27016.612726315085,-32016.291447291747,8908.877021376391,25509.50342082706,11398.842823787332
1130.903524816495,-15153.302797055367,-37893.373501072165,-18577.161506261913,50694.23461164753,-38006.01961611757,18188.94457639451,-15646.982338255244,-77848.28025418721,25056.802119345924
48869.02736454601,31022.473976690606,2232.2299855646656,-32168.065964785503,-861.1183270929187,45481.438063259215,4396.956111561094,11593.480873410876,-5856.369290685052,-20034.77393116553
4784.003999596445,-26688.85803362246,-35324.5326203362,18256.509281676546,-6498.844449289836,71532.7508840438,1817.6401366967193,-16233.70706964477,-1431.4239713769148,-5201.6608202335465
9797.66828365681,-37119.741922309906,-21052.413381635204,-53492.44521554161,-11997.794113753924,8153.909275342751,-22636.63383799968,-48049.558994267165,-9513.803364029152,59897.52027105506
9488.583624745312,-43925.94637896434,-19644.541540415947,-27393.316705860765,3213.395195823217,112706.00379198977,-7240.001152260857,10416.005009732367,61594.562154064566,-30548.424741624087
16857.39097119935,-11827.104086101044,-31136.554218827398,-11391.29849528599,-38821.54472200492,55984.18457555103,30229.787130283836,314.7180411562913,5476.498208268733,32857.77671656454
-48695.281804266124,21538.61443774441,28209.842643718497,-18266.689998430556,-15282.74658701635,-11886.758331085894,44345.16676212578,-46961.768313943765,-28975.609956356184,12182.18045630613
-18625.983482839354,-20905.410729089836,29905.000894876837,-37252.88560846556,2835.052877298307,112748.26546378642,-23291.080879864778,-3060.3631723222397,42357.72257457211,-7492.8037623836735
-17304.256491804466,45074.26247539733,-8591.895905362562,-3892.3576933358163,22210.874423061417,56346.22529494291,-14700.961492088798,8047.515999803784,-64842.71658429784,10144.190076126699
-52171.17032897443,33918.49891346437,9343.831452914312,-5692.510200309307,66790.35324302556,50980.66135267337,-17209.67318764734,-40906.483003551235,-37858.65463720842,56944.316131532345
17117.65527987298,-40232.531031461396,-38261.010149438334,-101101.19924433366,-11738.857636768713,-16289.33128564031,36009.46906816249,-51591.61961296194,-10563.051334116273,2495.182445858176
-25355.311463288715,27289.772659487087,35588.50444635724,-59724.74252278107,47822.602257797116,60903.01470761282,4394.449326397829,2282.233694951546,-4233.41562495078,-20035.25040345817
7210.114068162729,97521.22475955388,93046.82691800491,-58291.567971837314,31179.11238568635,-25862.673919324483,37940.09941720025,-22269.91345727615,-60617.06517538169,14979.705813164066
-5333.818890688675,24057.695183852666,-38080.30719984367,-13918.362566327394,5424.871287932937,51307.94323549273,-15614.29119448649,30487.73154649741,-25599.712754678374,2947.1466186225725
-1678.5472389479219,-16198.46631561013,-72389.77143240403,-28568.13762451942,-1639.0633372193386,22137.91422899206,16030.81559889558,-7734.053691783749,-15280.392655942576,-28518.896929472714
13056.389366986454,-14709.030117147768,10128.179863407435,-104109.43830831411,42822.37581629749,52216.473778733154,3581.95957494931,40946.41035205862,4924.248603384607,-9583.526387393606
7471.45226798579,40965.59002016252,-43915.22450913424,-11045.66847142624,10541.10285495116,2273.7672363799684,-35913.88203367373,-31148.40658513034,-35581.893675247455,12756.651466451356
29644.673150562026,-28242.103437984882,31562.719453302307,-79327.10528177976,22908.936579480185,42358.9401928485,-44922.38221191578,55500.468176807815,26577.821269419786,-14738.642705138425
45266.30838716895,35043.398937869584,-21360.329318336906,-37581.86124030096,57012.25609519229,63314.97963241992,-27245.68005225321,24182.26802751096,16549.046153459076,-12838.39841227281
26203.014426315458,878.0694600814912,58175.01295851303,-91328.15502605501,24336.52641909714,15140.163104428568,60083.7258722156,-52058.13760899938,-46678.639097245024,56746.205071764656
1018.1799503866051,-49977.09647847661,36917.13935665552,10955.734307373752,72910.57634534957,47022.8221786954,-6688.374661412329,62394.7783845873,5614.58702431071,-44115.41876550737
34534.670564064065,-682.1727543593778,-16342.495971227532,14705.933095144686,26140.716979699017,27650.6790082632,-12268.629031001017,32189.228041131475,27389.775681272786,58002.803812196405
5120.049132656007,-25347.1358653521,-31721.955188652464,-33173.274112969135,16802.35683871244,9804.532741579116,20852.86016428809,18196.14936182981,-17284.431775176337,20581.8005176227
-43827.7947782101,24510.014080082845,119179.88485437541,-55863.53720421418,47721.76976251346,57576.15759203822,40645.07922256192,49956.60322664663,15267.744797022093,-12776.059962761148
24913.124391225767,-41636.96735552971,47707.855934533945,-52650.50330858932,-29771.331888866822,39181.07916125944,39644.89066239022,-71422.76679120837,-26928.4778234277,-95162.94269805044
-784.0902755812842,-2850.878388679747,60.8881290177128,-65070.49501356525,39371.57374824294,-5852.219495856887,18920.95653934787,-20472.57359264727,-28159.280427641792,23472.350971674023
-15354.375981394878,-42909.12010024814,15079.450360655335,-57634.99129370751,15039.313746467233,21338.94009142608,13946.63581286223,-2247.7945351130124,7986.022399150434,40152.98414862593
-54580.43097542552,1725.055902703377,-41168.406059473746,-1843.2861245001648,-45230.98403785895,27162.965343754695,-51502.92955370082,4747.043635271482,7037.698701091996,14442.444085093934
-14526.446769345972,41416.519813634244,42507.06505403299,-10904.390375707422,16889.92010436437,13897.456681718371,-32295.613227647438,-75577.26091252844,-23012.83235551367,-25232.399900445227
-2203.265942658816,-30959.48085716939,14364.98088140334,-5618.856497585232,-33884.246176944886,-18446.406417639075,27753.693874915476,-6933.715255723121,-12646.190842307307,-15520.89450843127
27354.866300598398,-18731.29666550895,18992.811978845344,-16754.694902087842,36337.16351900076,-20217.312546720743,-50750.67434873434,-81628.68786423952,-81466.72156308284,22107.56876615571
19134.664112144383,53648.27308348215,-81144.38445707601,-26497.216570342283,-7684.200539799307,18374.776362221295,-11952.97039442421,76801.21298507239,7593.64612059953,-42087.07681637987
63546.459840025454,8101.573960091263,14647.182995061183,-18221.657930495257,-14493.398244140739,28941.07353666071,14158.140339505127,-18834.608560432247,-9219.061046032604,16.186487851254014
9607.880757064779,7704.81099363994,4145.540778637576,-32671.4671228606,11819.563761423808,-1717.7298521169828,-69796.92977318542,12114.997214701287,59128.19570130594,11066.732947783083
42346.710333386385,-12239.042087535574,-48144.790106047745,-73300.09678642302,42512.30145313847,9709.88245533938,39363.0131156997,-27199.96181819614,-32488.93522076865,125.0778336445741
-28261.085771667524,-53261.80312885717,-43688.38760393592,-55773.994328281566,-3538.7182888749494,70202.30096003746,-9963.707451229153,48502.95359554098,40316.328539586786,-21346.878217290807
24949.836707052975,-121428.35470629485,-28425.073243297742,-27648.015667250875,13675.492158134928,10089.066029201884,70537.28257184154,-69929.8964414777,-3228.5230504975475,-6509.872659188491
-40075.094051327906,-24140.689743472445,-51301.41085160703,4763.356801406954,-14119.411489757145,-13640.04553474164,-52878.819737427206,19756.528370099524,7803.029946352986,-22428.809590724042
23259.401524665558,-5767.094107210227,36189.01732728792,-60071.506346909904,-38058.02085527099,37181.561861929265,39737.613578376484,-2892.7177065890455,-56010.195758176254,39777.976612933606
-20775.106281737342,-1034.6379847133312,31959.601632780952,-107172.80861401942,-12414.040134865561,17664.17193270079,70263.93166998385,-59243.15631450535,9235.829759517173,24149.132032146863
-47366.45885900695,37013.48325553057,-17180.308346735517,-16008.895923397367,34730.53937391537,-8595.971846812143,-16293.36621822934,57474.87372310211,10249.322469706507,67868.12584848308
2133.031051379359,-10417.75195575168,45913.71690436865,-27410.433081452342,93052.44964289996,13621.377986424995,-55117.346836251236,-45462.09425923795,-1705.765922167522,11387.16664148634
7359.483636445639,8918.844017869604,-20026.301175036242,-73901.34063404352,86313.05396001395,2489.439103438111,-34875.70535345276,10600.995251070333,-75006.20454193701,-31107.750780233862
46699.17652395269,-62288.17931780783,-824.4894552790822,-45207.877040513915,83785.40822844899,-19260.652995812623,-67540.55842892874,19750.276149601388,-63454.53722811401,22558.57329809075
84737.0748744568,12856.393760758898,38451.200713622275,-27846.53129534339,12307.906605885439,-7027.401332470841,-18137.73548717038,18575.587078080407,-17473.15979749104,-27224.53806317765
9358.591892800885,-5041.501490398241,-40390.16492999496,-21005.088242326292,42533.40557794817,9050.938976720752,23825.047602934577,-27327.897193623925,10078.794510497557,33734.38817057968
40644.23354877084,22937.239246893918,-15958.923524616534,6467.183013200982,16173.006445483621,31998.655930275374,-44153.30183167931,32007.52653327298,19301.416680894992,-6800.767636974592
2046.2876488730851,2214.03566168509,-27178.14271930543,-22782.331547330585,84.91022203906323,34865.335620554055,25156.943526119452,-57627.37077254322,-12625.248815979729,-17825.77653769059
11269.191053820567,-21211.86300577081,45698.710780559595,-40426.31169296154,9824.833367711677,68960.52387897029,-14792.86857210968,-3586.9459911882905,63998.061822429714,46628.79891650363
-25304.57447599759,-29894.252752761382,9365.181746806593,-25471.807124421593,-35245.715874298636,62504.69588327159,-22931.24688825989,-48085.07633575767,3202.92893648823,20260.898622924138
48938.05331754746,-45045.45542040223,-94661.37651520113,37884.2824718035,-9969.262298365204,24657.69752561112,24763.14727419208,-1780.9098283062801,29889.956045671846,34869.35773923865
55895.83024026862,-12928.724418989203,-19348.366259179762,-32071.86219723058,24873.8182216468,-54802.30170582346,63377.79370559719,-14018.753794667551,31861.359786190034,59479.18671793395
-43079.40062119929,12244.719856891817,7327.883324163515,1103.6310800769224,57045.11335014327,36687.60715800562,43973.78668728103,-69595.18973855034,57501.000896503305,37223.00953712437
38597.82813069652,44501.63201063719,-942.2763159834445,16659.536698593085,60057.395862955535,-9712.587579582658,56041.28724691513,22568.396120451922,-9795.099917560248,-12244.082690984173
22396.520709986682,-59959.77269170763,95503.51575625746,-18651.244323494157,96227.86089564902,51937.345753414986,-14841.375676985816,-11169.552373103772,77490.27856665612,16004.271823173694
26811.02028731311,56588.56917614513,-26373.12340338876,-45190.82998156956,26890.167058502862,-2984.04519802911,6751.367284344718,-48668.05514974817,-58247.1718740696,-5571.11975073138
1876.9578920366923,-14740.554179664441,37262.34757670819,-88071.20499937219,11641.05443611876,-27371.351960705353,62171.407779753805,-802.5347810664769,-8148.28407523815,-19324.911616491045
5010.911445629799,2739.520354067832,-19835.712141203792,-37048.20499272964,-24613.524964940494,35830.963550235625,-36222.55054455648,-4012.8673754396204,-18549.656893682764,55493.89955835741
48512.93085775204,18707.453863127423,34930.67389862585,-51368.246297268044,38986.3284794424,49609.70602578226,-53081.36085967944,14158.797883438256,-3006.943579442098,64117.45057115051
-28693.619613453964,-45801.82356392127,14933.003293942837,-4530.595615035908,10234.895347147123,-3763.8416534268185,27276.58625876247,51388.177886517624,-50179.466345455214,-17359.450092391573
23343.125820712874,2699.189199353037,9373.716231967272,-10862.007679677527,8962.412379137642,1655.8598305268079,60398.946867925944,-94800.56118450935,-17656.266668332468,1363.2165682178718
21819.465732160268,10734.866730783167,-60748.545932813904,-26941.49574674939,64744.07959363229,46855.593931340954,-59269.25805240487,15843.222999775813,-21735.62411700744,-42937.016276475166
84946.18484501132,10849.622686627436,-17080.83236620978,-72830.57263794272,27305.92853234465,28924.502280323006,17278.582548415474,-19443.223774364727,32634.676689084336,-5393.566234146855
