-17710.692865998055,-9218.879108551195,20512.35833798749,-13872.313954696408,30306.921116537633,-32566.961262244768,3264.7023237879794,-9695.702123306342,10817.150718769612,39210.41616939495
-53503.8536300191,26875.341208932732,1273.7772930968713,-611.1648758822612,3505.6916329512514,51518.63731541554,23287.32629401876,82632.97540220071,-14619.294271024577,17503.147647351252
3270.117016623648,58656.78934702153,-929.9786555830069,-8409.876947958739,-19890.43716417081,12825.176613288477,-37939.95967710609,-7572.7116813218745,-39995.55297495144,26557.9204583737
991.8899228668597,2018.6743656105637,13518.695900770814,39489.10650778313,6993.719020508718,-66095.3971047844,-83919.01797574895,-5338.4030501723955,-5361.656710559833,7903.265362023095
20513.39181488945,-11378.766470331728,-9494.143288231051,-30628.845597871234,943.1915717152115,-2109.0676993793677,393.8939506527968,-35518.16320429668,-32631.254402712184,84398.67961087245
-37059.69177540296,-63808.02101442202,-75658.78187995058,-12463.223416805784,87233.68555664405,2496.5920617459033,10711.943383104235,13726.356184920205,-3443.766064860376,34272.08161077263
-47233.67533380947,44457.36542138013,35634.514640225396,-23023.511615782987,-20296.514433019336,48198.95051877557,38456.453804549514,-32856.03447519446,75937.91374683166,58286.20328301979
10779.449708843762,23404.837589727864,10782.673607855744,-41200.010133555974,-1735.7743537405818,-6921.025843355725,-23364.40825259397,7909.125913048054,75299.80103158469,-8775.693153046006
-52662.265917775694,-45004.07579239413,-17005.866734063304,-36449.485806678305,22252.33181256499,20813.075349650477,-20500.029041022477,68922.66012279355,-31445.65176127357,-5350.415398380527
42385.55408397294,46358.873498583394,39901.73575101937,-24437.196039508046,50250.174368262306,23926.34492206056,-86874.74747115582,38028.38122473615,-49266.598982441064,-28970.45465110468
33242.62266365632,-20795.86901520882,14782.969370985831,-18359.896626902955,26857.755699885736,-454.7651277948589,54580.21365821741,-10011.458503112814,6799.7628570858815,-44191.26901582158
20347.383224608104,-4960.056215470112,24740.405610572692,71.55772633442757,3055.080008682772,94736.72310070622,-8154.454981845414,37832.29923892842,-5557.374323444072,-15204.855221149897
-31011.151811446252,36991.88427055883,3574.075091323193,-81558.37413516224,19930.071492903196,43911.64875413991,-76327.4346364152,60432.42577599839,27699.191919549623,31391.235024481903
12851.578657103008,21017.43720522055,-37049.23578766306,-89285.00187779953,47027.75137872978,5771.808520494575,-13565.891223159773,-59650.434466686194,11790.67169116371,16117.160568437608
-5993.7847776216495,-6135.463406668516,13561.38805452337,-10259.255492817689,68084.72497156583,1891.3176674365054,17041.618985803623,-8020.934276153595,-10117.843028622126,-19774.784247298663
-50926.043843821666,-17629.53938120746,40303.24702626729,-11628.109274371916,32585.911779131136,-2961.152207058787,-51082.14485621846,-84323.64176433504,-37030.79480697737,56925.339138885756
6530.29791771375,-30345.87541443697,-959.3223701718362,-42739.78261464192,5947.155788881565,31974.314459860798,20874.17098117875,-85497.41986916163,-51583.629767432925,-26145.949034846497
59093.07523398892,-28185.027610406694,5978.09739014839,-24465.923264287823,69499.1470280824,-1334.420571999689,-10759.827586424264,33557.341410504676,25415.851074101207,13125.826092964711
-101555.28776729321,-16958.00691801207,-17552.405397958697,-42924.952319144504,49049.836592021944,4014.368156528869,-10154.376013950385,-12393.519568656655,42893.97317734897,12051.710087388128
-40004.39961094141,-13942.028799837384,-51599.700224268374,-27655.218659314654,46931.07239584218,-23426.149014224666,-16294.961396311919,-42342.503035530244,-75148.81306131589,74280.17597825438
-12350.42491284357,-59255.730375788786,22454.261242603476,-25376.911905137662,-5927.145103634988,-7476.829032094363,-6535.7188468071945,-46552.51930367529,102358.43402289432,74813.97856004437
-46340.04631188107,-11805.777112400974,-7413.484237466899,-36696.44953029696,64468.41632072855,64868.00398714054,15360.583267810694,-46311.61366116234,47128.30268690275,21712.304850902678
16925.504527450816,74673.0996784141,-53061.185386303616,-10894.341413439188,-18446.97338196894,37400.65082614766,52677.1320312882,-2369.795547844524,16858.875501933653,13297.841214986984
40905.85286594135,55750.16575324902,-7953.381977137438,-39896.03362062679,40836.03694544277,-27953.967555978794,-8494.374089855792,-37363.02111965014,-15118.541082026579,-18677.611059625837
25711.609983825838,-33768.36488121635,-6784.982841951836,17513.374539306158,-7885.870052697592,18776.25892934282,-16525.975405538975,30851.614405913766,-87315.27579751365,-27984.02144819801
-41266.35375968241,-14838.554367118286,-57617.84911761595,23675.731319358267,4904.480583063779,41472.38689258246,-17951.585274269644,-61932.29797500555,-14793.137273905359,4959.493999357288
24541.878688781722,-4011.7805143009355,75438.6917102454,-50409.40059321599,-25106.244448802972,37340.63838354293,1677.0723750886373,34489.660591016276,-2423.682545974504,-9484.162787485082
-6702.358174314321,13204.13514058785,-14331.234542725084,2564.6408928366272,32860.45269726339,14307.60639043287,37371.902260447314,-33957.322011387405,1029.3971631924223,-15632.08058021641
53000.615652354594,-33961.48117710789,-54930.94505670534,-22786.927928383528,-46068.52542646295,109737.26229211986,-13542.893860835216,-33710.15902092751,-19263.93766441552,-36491.763155287656
24879.12901584126,45538.983744079196,-19545.50723757112,-10908.621418481845,-8957.428947684133,37408.360220564544,-2794.220103958978,-55085.39950913869,-39680.927134182806,-31969.915127377706
35742.7121094079,32519.94118782516,-22616.12685516295,26535.501039564188,66922.60208948799,-45865.63576711342,14278.21659149391,-14981.119178069053,-32456.347098847855,4681.141166466385
7482.518594522293,31726.03552480224,-17859.229691132743,-63542.662663251314,-15371.720132147922,10675.688822542334,7582.217888552721,35646.103795540505,17458.73948375769,24123.005409383062
-180.94530410305015,-72050.49092138883,63.249981760217906,41861.63405269713,40354.20974036708,-3917.148390786583,-34164.45713682601,-15611.983419954751,49499.45571190758,5775.635875598224
-10111.932177796105,-38770.0598563872,-47127.26070662272,4261.6445882519865,71364.74096919494,6994.016202159778,5158.257927088318,57158.90658371737,63563.04315299298,45166.17531895941
14869.66876774773,7002.377327534614,-45527.91191222372,-45652.20836392832,-3786.551905868426,-24924.560721566755,-25441.63443931731,-7647.990157514971,595.0769691540863,-29333.80708261339
21042.31991874204,-13208.436470886787,32602.82697677798,-42161.324602645385,-11457.535883828263,28934.513656280462,46796.52082628068,37812.85526085019,19538.609224436008,19140.177100099507
67673.78789533366,7261.932460520646,59369.126850823464,-40018.831351540306,18607.89688226515,-10572.943557676099,-27200.141261776593,24253.125523217117,-12733.32092683505,-25420.454220660024
-7315.2361054009,-38855.87494492514,-26125.347941853513,-73004.54822063528,49612.77193494683,62737.49817801519,-39061.64076051464,-48501.06538527155,-10926.08988463211,37045.25943720852
-33060.8672114996,-45687.275697326746,87170.48954227756,-71354.0722752633,7403.354812595617,43031.77501085706,-5083.660329163122,-16820.525115897028,62130.000504213625,49163.730724193476
49799.62397992413,12951.448543441038,-49779.20526773035,24068.065626265583,63933.77119393449,51957.40525347152,-44437.53060749001,-24027.29352954841,29468.35713270894,-24602.18748905944
17226.375089883273,-64205.50857467293,-46862.82317064135,-1409.2990163188106,32575.324530765163,-1487.4079599503111,-29836.212569071882,-42596.0585304721,-24566.88285490468,32118.762726239416
-3464.727251469184,24775.549545742197,-8563.980152067967,-73869.47569426878,-24297.217602515106,12519.051729487108,-53220.58729878777,-24830.840004676807,23892.1964875814,-6516.608747669881
3621.944412126374,-37881.17803446877,1335.5765278019062,19718.223511637152,-17948.717087265064,33388.24629651931,-9001.311406129149,-62819.82016546635,-38272.9028108965,39163.13654337314
-15381.429611041282,4226.323721666018,-70535.28770548021,-73380.96894819276,26765.151187469623,64756.89745511708,17106.722402293737,-16547.141933045514,35678.35384451013,22618.293052172503
86489.39341013349,-63051.414705689014,-42671.9605227758,-87075.47601865453,46406.941737674846,42196.36272360895,28906.26068720565,-47659.0168820491,-36365.18032917755,39760.7906703094
9790.588493196878,-22769.590632755273,-9841.603191279222,38943.17187609324,-40080.07432475849,13702.670328960441,11642.410561299836,882.8528196691896,20028.076480037227,-40000.00025675721
3641.198993934715,-10962.375166844507,54065.8170666628,-29765.099770611014,33296.983786526434,79821.52264456832,-56108.874738316976,2610.5834377382926,16471.589042513646,15933.44116875629
9382.284029680744,37524.207558207505,-21514.648664189895,-16114.19074481606,-46087.096219698506,42716.704125754986,49075.36642865645,13132.27494584745,2397.5504966392036,49588.51922944796
33892.58642827627,36920.697443233024,-15580.255403308765,-14093.495692878036,39229.107670244695,60801.56903731759,-16094.381629208507,-16322.335984679303,23749.118061943474,10768.037175900383
-25747.966225320604,-82950.61168298159,3525.6443250424745,-7613.618360285861,49407.08561422404,-30005.127825864998,61209.72648577325,-25652.226304859247,-62959.06944447337,-39246.89247833146
-15045.433794675031,4823.6554916381065,8481.59615288113,-95384.54369884163,80470.97852884288,31128.101470874717,-1808.540645728836,-15362.26944610009,69344.56939683533,-15452.8823475219
-30134.905686848782,-12655.966621316891,-100514.0478799456,7893.820050438288,14177.161959787776,30226.584136139496,27208.271327417988,-17248.67897943287,-10325.81644108374,40796.96805886646
6860.015370626319,-46257.31330610139,-69942.11200990537,-11036.930819793582,25358.617107181453,60024.199644994274,-32631.063442240098,-24978.740922809953,-15093.945829458255,37894.24598470324
-8902.972106694806,42613.27938116645,-38822.19281799184,-1198.0133844207458,-57938.6904384309,20821.498019986342,-17810.950971421513,10542.631184198985,-38260.139532306246,-19852.43632617141
-11424.378834991703,34978.172186331394,27251.869605472868,-106676.1390517574,25786.25913654486,-14019.20671031376,7611.3496555695765,41582.39957942143,-10000.137389543765,35410.61072813588
-14218.331797921535,-4039.9763104734775,-42175.28831816527,-50222.02038863789,-6263.485385972542,65796.67821817234,-341.13333179016263,19474.00365162761,8138.001833781668,-14711.770171722908
11062.091997210313,-8430.939108683117,-61005.521454694186,-49281.06072477735,55678.043537393096,-7673.889034103533,1991.9757789954238,-71618.86245666698,10248.420258893537,-26233.147858941546
17988.80480847545,77799.09745027841,-23907.119536943515,-22546.12076318889,31492.837620279188,41236.78548835601,75497.42917368292,-50812.66734292668,43769.08143112351,55328.85708307843
-31375.45452917379,11647.931439959462,-39773.5378258602,-33569.01343766437,123.80774855593518,75935.90019617171,-11846.409470140767,-59327.971694020634,-22917.510263323857,35020.964959214754
-13596.660602967098,49580.748295689446,-34873.92486615637,-69846.39071640772,26801.250546654235,50590.09374775791,31209.591407404718,22576.71776022495,39754.29671635471,31297.13257805283
22500.293257486705,16328.062703972952,-26516.79799679622,-15329.376758074228,-2917.2620817154366,1407.9426309658302,-20678.737892374123,-58371.16361041409,12095.766434295521,-11664.405905553242
20537.829983968055,22973.747229748562,-41201.96822215519,-4616.630712380527,11087.137518133917,23749.087912692594,5416.557582281155,-1485.8548634097624,37473.1969003544,60748.13837687558
30042.208024988937,8393.464677015054,18437.693059492245,2026.8552791151424,33540.65087541028,-3018.282640229688,54949.57141654716,-11402.427461234794,72367.23304343213,974.2504264431882
3271.519562130682,-7983.4750755464665,-9638.866296848264,-59740.91901639086,3853.661884127458,6897.24886513438,8723.191128133274,75992.04456883983,8286.365065847178,-27616.070309351377
-67774.61759411974,-11012.927793959692,-46386.39132399963,-46115.208812109,74276.21236514937,-27099.92567085314,-42963.08282734646,-15485.542274789048,21936.82649059865,-10819.198285149472
45750.98134663256,-78752.7353326036,-30349.254435646515,-3662.276279907005,63427.63543158672,44465.74184092899,-79553.32437919865,-27077.489037889896,4762.137038505909,56347.08565505993
8231.765056591095,-2749.638136364767,-24814.738336047067,-51589.287405934556,43871.47106087058,32965.938149396316,2287.2558365744026,26000.819011238313,-27247.83648146481,-24371.07476751096
-15579.08793500091,-61894.15719174495,-972.9366310888454,-5332.413705734767,-30938.07690411286,46416.94181399871,22729.696348839607,23088.700604196045,-53913.15350498751,55345.96376599206
22684.01118799209,-44871.220162396916,-13987.271098764084,-15413.217033377583,9839.077289150244,-40472.29893620435,104.07519281050463,21124.550493480303,46176.274854046336,-17901.961651186575
63390.70121834717,8057.031464139371,29666.201111380717,-42680.42614519329,5403.544065512571,74806.42024542663,29881.71706885676,-19283.972732183443,76416.73311143162,-29766.53204498882
-22000.591885513313,-401.8992309507976,-32157.26381453612,-69370.57446077038,4563.756719575054,24471.129834483403,-31151.50989568609,45121.45732720278,-1123.5326507169912,-34237.22864542158
13241.235874379316,-61615.68051493567,21275.895545065177,-34979.56838418591,38236.156433489,67034.12372844492,9229.372602233645,45213.583104323,33608.95089772166,25443.631016702227
-2185.529261644925,40715.73917427392,37793.29587751212,-27347.97214303188,-3107.9812768187458,13845.692935834293,-50913.862443266065,-46114.482269045606,-34018.85066660541,17078.4428026876
-13408.141175551262,-14668.869649908409,-67887.41577420275,-30425.530204332415,24972.11194734034,41466.635089312564,-45403.84116006772,-14097.754920071282,33239.65263994106,-1091.31357395558
-29537.28225991135,9574.888356088637,-44292.76639066191,-27590.79460508811,39982.031459303085,77154.17123018803,26265.621580531173,10715.562199668258,-53449.26686578147,49195.49130800615
27222.36813596121,-28033.69205531456,6372.084829678386,-46622.89678820313,-26750.795933061476,46152.92446404165,-67215.15085098502,-15251.90661131229,35557.07987875851,40138.85412865886
783.5764555201422,19355.949125778574,-17340.122365548206,-44966.09335366532,18133.411984633574,8734.689960109996,-48309.84807544653,-12573.360418258775,-8187.488437002102,16594.687769961303
-3909.0108751035973,29636.844144774957,-42350.61050575394,-18435.750655312786,-5615.679321392933,-26933.28302005954,3448.613444487677,-39483.68191119656,-11077.954873864765,-22090.318417499293
55150.970333023055,4115.044349247901,-788.2056181326952,-50526.612219905655,85557.50629476641,3118.018574659568,-4150.901916584251,-25945.788083658023,-39206.761703468364,-101021.57003470976
16591.924456455243,11242.687547296262,-29958.774284905492,-32944.56860222621,75917.36887702691,-11533.841216461758,-18654.397173619727,1024.80414786646,-10203.425411865817,582.8543531653577
35318.664492990865,23204.169581327045,2600.8405028002844,26469.229724015775,4065.4901404024013,-19256.124504918087,-56808.259996811415,2443.257376099209,26389.667572778046,14587.287379137022
522.3987570410245,-6851.858386512156,-49198.37834249754,40454.43387630479,20893.997091853525,3634.5455793551655,-25626.524075446723,24058.068917666587,-24209.44449962007,-917.005685191707
-29355.488762798577,-23741.662103898307,-36905.39423080827,-39424.52761240413,-1075.0555067395617,27834.607927260873,38776.39793000964,23144.075572854803,20512.988982847863,-887.9211834580856
49820.350161714734,50168.67820095493,38612.73700841428,-13361.174386803697,-26782.482171442418,9608.671072358005,58887.43284897307,-21770.115467857035,-17843.088083150746,74936.64141968684
17551.512658626485,-32921.293977411784,8850.896995779283,-59776.24875293063,-7128.954688513137,-3047.3824550785675,-43361.99303894609,-13513.297835238533,-14028.694192200772,31809.563909099852
37708.272116527136,7361.5098047353695,67082.62977039526,40468.34421383049,74585.35686543981,17221.909653927396,29380.74517176167,-53924.631355737496,34511.03939577463,15530.921611968895
38306.17071251878,-58398.972210819295,-3815.945281036158,5231.160813749741,-3948.909131799004,-735.3742281304403,4824.55784395941,5656.816211604644,-24764.587722242642,50392.25115472224
-77364.94465058355,-7044.284660385329,-57979.836215927906,-25532.93750211345,68417.38218890422,10861.606260006089,16236.39343782,-17839.040675894437,1360.2665429109454,14091.542065566053
47449.33200148712,-2787.2263816695413,-6414.883116518515,-2150.7877181515214,-12517.404919882292,25901.016423984376,-22085.364257161138,8400.231950718486,-21850.695950519195,9998.550580851419
2377.3416271657034,-74315.56950787551,-3746.41795049559,-58214.6114168325,107956.5089640727,-10665.195168202856,-33963.93761580218,-80144.45421132683,25215.43742176144,-69583.50412355774
-32559.11843838836,13836.473601108253,22058.848262118066,38911.36537071583,-15703.455299490037,87567.73630186974,4234.435621436595,60638.88087658577,-15183.967794442744,24732.897055507943
-2358.9117641958355,-35851.15322274236,26505.72086197292,-72294.49135548437,77664.61027956787,-39104.382308138694,-8887.440380239235,-11496.863351411019,-34122.11501962134,-59011.59843093138
-24332.125965292737,-8198.587302121712,35141.986749328375,101680.92079635705,43362.723050226225,24415.302289704992,-48866.464365666514,-15355.98109516609,46666.46108534027,14472.810221404538
15141.810060076139,42751.149115230364,30807.444763778058,-47409.39607712664,-33693.687722144336,-6390.411080486523,47066.8696336717,-17337.553753747612,-62556.27410237578,54035.12534602205
-45316.886065443214,28690.739703195002,28879.644972528564,21009.657066597116,63671.01991761906,42721.14569448317,-12554.22379743919,16477.03403142645,16410.242155499276,-56877.701015819475
35491.55729219548,-4967.902361483533,-35406.85688086949,-29589.83616547207,32608.412687587228,2755.5805262612457,-11642.636720639708,-3285.281878706238,64269.04856987253,-43055.5925541194
-18966.033948225682,-47383.25455230634,-23244.904719416787,-30611.724477167892,13877.738131686387,-37671.25863032427,68452.13860845145,-3217.5155933194837,-37555.71375704437,-11037.423976468344
3031.1647750506568,30149.895914490382,2712.9490016880536,-33956.6417655395,25295.741903794973,-15718.028708997886,41600.19638118965,10944.820868029488,25142.35138500866,31002.550427355618
-35338.5027545281,353.06646074707896,53324.43745603513,3378.1178339618073,34466.46142178563,-41440.351917359025,12903.364643412406,21406.714676156287,-45366.90741006014,-80567.58508681026
-39752.64144882835,-54800.5095183306,-17185.88316062976,13612.639594421622,-2888.0579765881375,2207.8596541587804,-19431.35408444429,19802.436551874514,4171.546846658237,-13478.603289322304
-55196.16559437243,-36805.22679880679,-7063.712513928016,-15930.009678783217,61145.578956556084,101704.20949846426,25923.111100716902,-4344.42512308532,-7146.737899527577,40898.77444418119
-18123.523590478377,17066.55635257401,7255.662635453213,-62927.48667026513,30618.35591800069,788.6809579138064,-48683.1976855238,33854.56914336438,28173.92480218504,23684.823752641103
-25286.16180191443,-19365.18436711756,-7519.901334578251,-15671.405752908517,28906.92496954969,25863.082002616688,46918.43791410656,74304.44324077184,2867.4055848866083,-26099.83659673192
-34089.64621890416,-357.45262558660306,1374.9760734556412,-60531.95973654452,-39859.9487525687,31756.978184232,111878.68435427516,-22281.464977584714,-5289.014028656074,82413.8136036141
-41082.68373882812,35098.361526584005,-36259.187187021234,-35846.07805765502,53441.56822420572,-67436.87828729785,-5290.063582408211,65606.58313539051,-49494.2546225085,10251.68516610695
3500.1164048113296,-8796.568444897252,-824.6718133119666,-60455.70135216335,8528.372437053236,80204.36384153127,15579.431051027565,52982.63901844001,-28463.62118257011,-31856.091420191875
6781.762171413207,-48196.94429131874,18710.529923494272,-47283.33740172023,42076.799340233934,28519.509833294425,8857.43361070806,-16512.58651140537,-2007.482898854083,24036.701529839935
246.8921605760106,-15481.275337500281,-11939.329934266392,-67665.5502584498,60278.50419171666,3998.1864661605796,28721.90756144018,-13099.379275371082,-27779.7818869599,61512.58749157942
-28900.356814999992,11791.095668300188,48271.543055584654,-102262.88509670296,869.4857824178416,-39608.44706809963,-53044.040724137296,-572.1397830546612,19022.022545177744,-13055.804186797417
-28417.00041521034,-20743.954064301066,-4760.735859032975,-27077.984224926742,-43394.661116976575,-41235.73588768852,-4841.4696044696675,13931.786377366601,-68035.68184234781,-15616.046600152797
-69063.60164523525,-17665.85669070088,2548.3822642881496,-40781.06364432356,-34227.932938904516,21277.94089093349,9555.136266732254,-44366.68345624249,23309.253458686857,12998.477329923438
2272.5786096021884,-68103.76528095052,6255.049737801362,-20749.92486039427,36653.606705617516,33807.39698459127,-44628.785901356416,9310.171278935522,-16373.217384008487,-58675.53480331465
27474.173024749456,-27036.23319418409,13815.826735383074,-22920.707610096717,32729.090802633495,12760.682167532781,-31480.381788832245,-5804.203659585424,-34247.68122787504,-6927.707904475328
-8761.28774921891,-17317.939304019656,22775.94366143513,-45267.53391013127,60066.56069120322,-4405.513340661331,70706.09275242724,38870.6476647964,-37973.6789878186,22925.769348683312
-11379.988804646626,-23535.00166299593,-30956.638858241084,3652.153476468322,-4721.05447644262,-21100.732517380216,-39046.881927935676,-36783.308812713934,-8459.654291614892,-19310.20335239791
37054.56620508026,-11569.651399195693,-37205.79687488986,15924.029284144437,-19670.319350421247,44604.039396877306,14631.512757439472,7658.451750388691,2295.3440056563454,-31901.246434803063
-13595.651223159459,-20533.921472965474,12867.181217628204,27631.98278899107,26951.914475638907,44891.18818631291,-9913.566143713215,15185.70128445395,-2788.466048023034,30983.210208656634
31763.01024237826,-21450.83011760992,33643.11093918167,9914.572801977494,62626.41092928359,62881.31605111055,532.5633548672199,-936.4188354319303,53174.57728993133,5546.6104920054195
1899.0234909936325,8392.9787312595,47665.33967888614,-27216.77344140115,24034.33219687161,-11108.161923903444,-54279.593675489,-29712.499751303436,14940.674052563301,-69185.85004191774
18235.797723116986,-65853.34851330907,-78104.08341731255,-47363.61972948547,-3426.551276977765,-28782.45308253216,18561.12664373871,-1622.9897616632697,-18867.519679243265,59103.11196302797
32093.706104991106,-20271.537850139037,-4153.755615924489,-6851.499544121276,-5367.94946485473,-10768.773376328181,22949.484058075028,34324.80197892916,-25557.26987385347,61239.10919304287
-5023.533221341557,787.1745981530494,-3620.2584660883654,-42287.1559862684,43615.24747648586,510.6984322073895,-1100.9226155908655,-16195.802904668768,-23352.488126330398,-13449.97075552408
67151.02018328247,-23004.91020288093,18587.53356378514,-21933.42500466569,74562.63140634508,-26855.345225464604,-8816.303838994078,-1358.0068410296867,-16935.265201078517,26825.05132942825
-53678.82495410999,-36143.5125968463,7237.075452609766,-79678.13137092083,36615.90608494985,17695.682420811612,15253.754336706454,-1018.0171548291564,-14671.166031819248,31886.48901044265
-12888.439382086486,-16758.45874129455,-29099.168166097395,-42010.88197183384,50131.045393800436,53844.62714044721,53029.1583119133,47721.91339380163,24296.90504449033,-18597.840761399384
-30312.099078898078,-8534.574724570939,-16779.999409337,3332.2363502897506,929.8405534101676,15576.146243627714,58585.26513610484,67710.23728370934,24579.00091005802,23167.518908115453
-59574.2820040736,15780.304185610312,48462.362184392725,19378.668800492993,-12028.421236809525,47669.19510546161,-57464.09176364953,-19768.57661412867,34035.66546915749,26375.214379476914
47008.17948040865,38601.26406821562,-54949.66829221631,-61670.34624539449,50787.70020537336,29028.387748104877,-477.0530611031445,49997.84681987435,-41016.75420088935,7110.6960659429715
59914.93426280913,13978.73372081088,13.315710153259715,-82911.89002236277,52741.15373827526,-4.47727400180429,-21653.580583252846,13616.94789680406,-2554.444964057002,-5288.367609692916
-21070.029717905083,41503.93341548355,4847.985659800723,-58445.20141849788,-23987.892415935825,-28719.25742571173,18286.04188715316,-26595.527597798282,-81435.6924351454,-10725.417965902656
17016.130130034195,-26057.490272666735,-2770.5061416776916,-103482.97461839755,18953.190837475067,45597.72304782897,-78548.79670765607,-28859.076307092884,23304.196578781968,53807.250036881545
-47316.325263773586,1882.499216434344,52965.10520936326,-8843.473349502026,63867.50496023143,52795.140067468696,50255.72942061951,-21189.377221164465,-11416.41665135318,-1464.9635882301009
8888.495847579685,-68475.49157291854,38065.70273862076,-81522.99310781021,50910.294649975025,-8463.920124827328,-22552.82586513346,16620.865239206898,11973.588621904193,-19915.924842090477
7606.99580917952,-40367.730229408786,46758.37992201483,4783.75143520358,87494.05302224238,20567.7308497468,-1775.5706138096375,39104.188992111376,20929.357808360117,15908.50473747927
-21994.535289841988,-16278.904656574423,64906.711337593246,2071.3313919587818,33597.015682920486,-12159.995371101639,9580.476671291475,-4383.265474491753,39357.01038147227,-3864.1651130814953
14216.80434812117,-23115.769875137285,-41875.92781109006,-32959.71196229685,-23706.93528234033,9827.24357827957,28293.144300482993,-34582.3182974629,-10807.656832759501,105919.55496647132
7047.296740648331,-55674.833224484995,-76872.80522188178,-12165.222941893848,49912.22307007102,-1582.3025184293092,-63132.97414951607,13587.778783007681,-46878.44022323806,31131.607963883976
-8720.01889162251,-39817.34946805531,-3702.948301577957,-47747.63667985161,52486.54845744447,21311.93295448977,20991.49080754407,9306.823944710786,-43171.31623413097,-52893.06903329266
-29768.33293827573,21492.047542343164,-13393.773013159353,-10393.474368402687,-11580.105074815496,456.4885284567167,-3851.498623094006,32118.64131747329,-305.3024872528076,-1524.8986401877337
-34574.87003763186,-31638.60479315603,6645.811241607442,5651.767071195132,30961.962995148795,35627.2050672289,58973.88009148211,-35903.21554074472,-12178.100087076798,21429.203542662108
-44295.53473570069,-15548.43893030388,-49300.40154798871,-30252.752086965003,43809.34458322743,51609.473219674255,65687.11464084758,-376.9006523513126,9087.393197111212,-18968.520870109787
13057.784541964647,-49871.75457359478,57566.69053216914,18404.223094989306,17572.313828877348,35550.9298968457,8739.258627427636,7702.411883645618,18930.14759529945,51466.403357591036
-12837.244142535674,-56314.74196765735,15009.170977778558,-59398.997421686974,30243.677126785646,-20925.02892362199,20811.633866306373,-20929.120333175902,-76715.23151387398,55078.79500817404
-22718.139650974157,-22190.240350796703,13122.895697031985,-21581.23316181611,74038.47574796247,-31176.025665391986,9417.96662153608,9130.269054131917,8891.589257844858,17723.898798503447
45810.47800777929,-16361.026570424712,73134.9407727221,6313.90924853107,-19222.203405205026,24635.79354853749,-44244.69727705667,66.08143919975919,51922.53432263492,40227.217441286
28537.527364370406,-2560.157197157924,28082.500169699466,-52921.71704042878,37506.561050898876,15941.131614909707,-57474.69328229421,23762.98000047711,11274.761097578154,-28695.320074351635
2939.638425957887,15304.341526270813,-8721.983591838021,-16256.77337596037,-7021.600996121761,-31841.474002127703,62526.92100096839,26512.253954779437,25663.985481548836,16392.545237115737
28612.66583642128,1206.4019207820693,-22598.43084295119,-69051.98610423546,1062.114217417562,31849.113606550032,32018.02232804105,4878.3290470327265,23857.861275937816,-33433.81206880188
-20498.533319998856,-50664.85426345892,-596.1398673373078,-20527.92525692194,85564.00848946578,36991.84574835209,34097.433447607465,-5466.347505034955,12767.944850927124,58221.757759006956
5959.523369719004,-14250.757937419183,-22389.852146955236,29564.321910477818,54141.257693481464,26227.70273747869,-26097.5330205202,36995.259641265206,-24439.698325731493,10119.298190521436
-9688.02792375803,-38075.80001171699,-2499.0325358335576,-58982.9962629894,78494.52806682739,47954.56125862167,-22193.783960589488,-54435.303559154505,17071.342008451,88457.51363639647
27042.104346278466,-47476.81092533066,-366.7019176067224,-42393.050324205826,13445.182464404183,-2003.0833875212993,-49395.39874936295,32218.51843922571,-1369.715829125973,45598.03714533311
31440.275976413886,12328.937901732848,1125.7821120447888,-13701.569333486128,10442.492868154246,-17158.054286770028,36590.908927043376,-3121.493471348891,-14400.892674180051,-14517.86557469733
-15223.852062881415,47860.42236822643,-79714.82066455693,5278.922366726767,8236.157447282263,-53822.832381351014,514.7076814587112,-47824.72326277044,31022.597874355008,63060.27734045046
13561.267646754906,-27947.868684889123,-211.26608089925458,-95474.10872538162,-35095.67011637959,31511.45463092014,92506.80143857455,41403.61912441279,-43654.31849848795,22316.519014094938
38651.539064280136,17200.728368144413,37343.03465424523,-68845.76627886687,26412.534057997702,35333.30157655703,31956.606310438478,36435.48791112372,22043.6044822596,-14866.242980502668
41521.21518977547,-19150.653095177808,-18409.387724392,-64537.86908377131,-2137.642603160677,-47339.333023355604,9509.29275114525,-33953.95887445835,58917.18496996036,36824.467293741785
40586.389553132045,-76971.48996261966,-32144.271671012197,-40661.75204618004,58214.81020470319,56079.76557941681,42738.02898006226,-28303.274560135378,-6011.002927689797,-20032.003177672203
43532.878774638244,-22158.498382604805,38156.07993132496,-52766.96173337579,17937.666429240773,23607.365412811,-46961.381798370465,-55089.60914086107,-59873.601708117116,69008.73916097093
7216.215558129613,-1063.3681355446358,15361.913709539627,-15378.608931507479,-36149.83265696595,-1684.252812144229,7064.11554733939,55309.75818617148,60042.739994239106,54818.82906590565
23438.41732030983,20590.43132693149,-39912.35607306513,-9581.70471226632,32875.61039701033,-14284.045626234305,42534.99744414774,-7978.8512679582855,-34446.37432423143,29342.006052880493
-16683.935002393588,36232.316492512386,23618.391294962486,-22579.313289707312,59677.23558970636,22314.738710902027,-68233.44954595325,29933.860617350292,65559.65276828213,-39317.78081494898
-12430.477416242613,23823.929126572526,-5022.128648890994,-71263.5991908093,45761.70096535887,-372.6649765013144,45116.227096166025,3422.1580109240767,-23930.836523567195,26350.63188277415
-26168.71244781591,-42836.865427968485,-2208.364566658278,-17495.5056221238,17568.858571369656,47079.20648246971,-29301.18042145752,25743.870127982605,-52048.61176148956,31632.708766250522
-64818.132729118086,-98398.90378667512,14630.675472727191,12594.415419606066,3261.0797594956484,37491.276286398395,-33677.85870173607,-12716.18204267124,-7655.475259594048,7200.0889689373935
3824.009277199684,4405.376057032403,12341.048744663178,-27002.166001695532,80152.16577251366,-24784.603461259634,-28885.648583091643,4967.886037805169,-34747.61008299679,88173.9160013028
-44694.04149361623,728.9144768179831,-7728.35937361405,-15400.919492678708,20439.16581069198,-34011.33409111752,78421.08037338266,-16529.492651742217,18045.74440622551,-5204.046889426907
33576.798251236854,-32697.130276463933,-5537.68502194213,-10377.60463105436,34626.94037378939,-4231.222977608368,-30133.606277278675,-40798.0422295623,-4338.908972144212,-4138.78930504842
-102730.70873543681,-19490.943758235564,3619.2620565746474,24696.539854828847,-4747.305946245396,-20081.13980194756,40741.06075981967,70866.03956876803,-20786.376658068046,79326.46045467842
-1361.810613532587,-43181.078903225505,28381.573742260858,-5063.519117429383,-1648.0231364267602,14443.472758400923,-37162.30585335728,-20543.528069479828,4559.826575141598,-31195.070660106616
1537.5837610599938,-38556.33923739157,-29284.650933463803,-84032.58162624623,31484.47968674568,28930.583659444113,-8743.810508877625,81350.75339768126,-16681.126859754262,45536.051510330406
-35062.12194494158,-34937.99980871675,-24129.659328249516,-24207.48074191047,-39807.87921596366,14131.61823682924,-4981.679675068533,-47695.141419655854,-8381.371469585518,3386.810355207799
-20422.73188686018,-22454.53014968552,-3741.643840024528,-116164.34581612676,66690.62174604533,-18387.581044845552,-18617.238566171727,-44544.69055593082,34109.89857504373,16590.91771691951
-29547.48410718854,-10394.135588444753,-46412.08339322386,-33811.32651236687,30625.7585034761,-18101.24521378175,-58024.17935002309,10383.758864582687,-50515.367859123326,3269.387218917379
24445.637710062816,11264.052899270493,4065.568189059275,-10239.11836194091,-15026.69876615965,-13213.098938217207,24928.339839330853,48332.89521651301,12923.246305389635,35965.80695676521
11656.784608821126,-24319.151495187016,8751.534021935382,-64048.926153743596,-38249.41253692716,27751.376244492207,-27374.23274117252,16028.364245065983,-35974.61226676084,43501.807082330895
25538.552415197515,-14658.154674138354,-21036.03065752799,-74277.83896988656,19563.091819210415,21768.96692208518,27169.826550592854,-7629.963488770918,-17155.03720937106,27838.257583598588
30932.212233719114,-13189.318167383228,-55665.44893198041,-60182.523381297135,-66833.4785348272,3909.401051615203,-17605.508316561907,43923.38674517565,8408.038700483023,-14669.124499848036
31040.822832967846,-32995.71553416544,9464.419020655574,-11338.850368124828,87107.62343477795,-8453.179299288744,-640.7164982239447,49827.83603026216,-20899.02447689248,50293.67114850285
-14579.571408202275,-24344.17972601751,18983.06873068905,26252.897291861587,81700.30491464806,63932.68122360933,-89501.52988447149,-55424.3609764541,-13795.270761412603,7402.157634494721
-30484.820117873183,-19973.210978509633,-86498.7066136643,-32026.990185667313,-17129.082868354843,44281.42323084935,56465.44918725835,46465.7153833216,78035.55408610801,24615.886360400935
-18240.04239961674,-4487.816358940545,25975.774245492175,-51935.49079736507,15206.24157368216,31925.40362272993,33243.10118289,-40158.104498931316,-3329.8164020365466,13769.33761207214
9458.048508161028,24921.391477855374,14996.171488375365,-37753.60402710829,10106.8069151373,13286.453917043164,38872.305713314534,6012.916310832449,32109.854974353886,-12009.489449075512
-46071.162016159695,19428.4690135023,30538.25298050668,28254.251973048627,-14982.134048750217,-24467.54655129723,-24660.02197279854,-9122.840401914687,-7059.199084692222,-32473.877934016047
35773.88594793764,4145.699254297091,20635.565416589663,-40698.59139381955,19953.18529142764,-31211.303940556805,70601.90932890936,5838.290289093965,53001.165232755164,21258.094115821415
6603.6954243742675,3947.2651130882514,-40510.68919900781,7556.706531154816,-53316.91577052222,17535.73990780208,176.3832700622479,-21255.576076802023,-26570.23575557564,11790.48391896256
7457.460802023397,-1422.365732196009,40999.27402565048,-40249.170042327925,-24066.669397788704,27016.612726315077,-32016.291447291755,8908.877021376404,25509.503420827128,11398.842823787307
1130.9035248164073,-15153.302797055338,-37893.373501072085,-18577.161506261964,50694.234611647465,-38006.019616117504,18188.94457639442,-15646.982338255222,-77848.28025418718,25056.8021193459
48869.02736454598,31022.473976690613,2232.2299855647634,-32168.065964785557,-861.1183270929105,45481.43806325908,4396.956111561134,11593.480873410901,-5856.369290684981,-20034.773931165586
4784.003999596422,-26688.858033622502,-35324.53262033611,18256.50928167653,-6498.844449289828,71532.75088404385,1817.640136696653,-16233.707069644708,-1431.4239713769202,-5201.660820233528
9797.668283656818,-37119.741922309986,-21052.4133816352,-53492.44521554167,-11997.794113753942,8153.90927534274,-22636.633837999692,-48049.55899426712,-9513.803364029185,59897.52027105506
9488.583624745414,-43925.946378964225,-19644.541540415856,-27393.316705860827,3213.395195823209,112706.0037919896,-7240.001152260831,10416.005009732378,61594.56215406464,-30548.424741624123
16857.390971199475,-11827.104086101052,-31136.554218827343,-11391.298495286024,-38821.54472200493,55984.18457555094,30229.787130283792,314.718041156284,5476.498208268687,32857.77671656458
-48695.28180426608,21538.614437744436,28209.842643718417,-18266.6899984305,-15282.74658701635,-11886.75833108587,44345.16676212581,-46961.768313943925,-28975.60995635616,12182.180456306123
-18625.983482839445,-20905.410729089814,29905.00089487686,-37252.8856084655,2835.0528772983316,112748.26546378619,-23291.080879864876,-3060.3631723223234,42357.722574572064,-7492.803762383688
-17304.256491804423,45074.26247539717,-8591.89590536254,-3892.3576933358077,22210.874423061323,56346.225294943,-14700.961492088847,8047.515999803758,-64842.716584297836,10144.190076126742
-52171.17032897456,33918.49891346441,9343.8314529144,-5692.510200309298,66790.3532430255,50980.6613526734,-17209.673187647284,-40906.48300355119,-37858.65463720842,56944.31613153227
17117.655279872986,-40232.53103146144,-38261.01014943841,-101101.19924433368,-11738.857636768746,-16289.331285640317,36009.46906816248,-51591.61961296196,-10563.051334116306,2495.182445858164
-25355.311463288657,27289.772659487,35588.50444635723,-59724.74252278105,47822.60225779708,60903.01470761287,4394.449326397846,2282.233694951552,-4233.415624950841,-20035.250403458136
7210.114068162717,97521.2247595538,93046.8269180049,-58291.56797183727,31179.112385686327,-25862.67391932451,37940.099417200276,-22269.913457276063,-60617.065175381635,14979.705813163993
-5333.818890688677,24057.69518385266,-38080.30719984374,-13918.36256632742,5424.871287932913,51307.94323549276,-15614.291194486466,30487.73154649738,-25599.71275467833,2947.146618622608
-1678.5472389479003,-16198.466315610169,-72389.77143240412,-28568.1376245194,-1639.063337219297,22137.914228992013,16030.8155988956,-7734.053691783654,-15280.392655942636,-28518.89692947268
13056.389366986423,-14709.030117147753,10128.179863407317,-104109.438308314,42822.3758162975,52216.47377873317,3581.9595749492946,40946.41035205866,4924.248603384573,-9583.526387393587
7471.452267985818,40965.590020162526,-43915.22450913422,-11045.668471426192,10541.102854951147,2273.7672363799575,-35913.88203367379,-31148.406585130346,-35581.893675247506,12756.651466451352
29644.67315056197,-28242.103437984886,31562.7194533024,-79327.10528177978,22908.936579480196,42358.94019284845,-44922.38221191574,55500.46817680786,26577.821269419775,-14738.642705138442
45266.30838716884,35043.39893786961,-21360.32931833689,-37581.86124030102,57012.25609519228,63314.979632419796,-27245.68005225328,24182.26802751099,16549.04615345906,-12838.398412272807
26203.0144263155,878.0694600815186,58175.01295851309,-91328.15502605493,24336.52641909713,15140.163104428522,60083.725872215626,-52058.13760899933,-46678.63909724502,56746.20507176463
1018.1799503865782,-49977.09647847667,36917.13935665556,10955.734307373743,72910.57634534975,47022.822178695424,-6688.374661412334,62394.77838458727,5614.587024310694,-44115.41876550734
34534.670564064116,-682.172754359397,-16342.495971227514,14705.93309514476,26140.716979699013,27650.679008263185,-12268.629031001019,32189.228041131482,27389.77568127277,58002.80381219649
5120.0491326559895,-25347.13586535214,-31721.955188652424,-33173.27411296916,16802.356838712338,9804.532741579087,20852.860164288053,18196.149361829812,-17284.43177517633,20581.800517622683
-43827.794778210104,24510.014080082794,119179.8848543753,-55863.537204214175,47721.76976251352,57576.15759203811,40645.07922256199,49956.60322664658,15267.744797022084,-12776.059962761134
24913.124391225712,-41636.967355529654,47707.855934534,-52650.50330858925,-29771.331888866822,39181.079161259455,39644.89066239026,-71422.76679120853,-26928.477823427747,-95162.94269805023
-784.0902755812949,-2850.878388679779,60.888129017740994,-65070.495013565305,39371.57374824293,-5852.219495856894,18920.95653934787,-20472.573592647233,-28159.28042764175,23472.350971674034
-15354.375981394842,-42909.120100248154,15079.450360655372,-57634.991293707484,15039.31374646729,21338.94009142607,13946.635812862209,-2247.794535113031,7986.022399150443,40152.984148626056
-54580.43097542553,1725.055902703387,-41168.40605947376,-1843.2861245001457,-45230.98403785894,27162.96534375466,-51502.92955370073,4747.043635271468,7037.698701092029,14442.444085093952
-14526.44676934593,41416.51981363421,42507.06505403301,-10904.39037570747,16889.920104364373,13897.456681718379,-32295.613227647413,-75577.2609125285,-23012.83235551366,-25232.399900445293
-2203.2659426588034,-30959.480857169365,14364.98088140339,-5618.856497585264,-33884.24617694484,-18446.40641763906,27753.693874915472,-6933.715255723102,-12646.190842307258,-15520.894508431275
27354.866300598474,-18731.296665508995,18992.811978845322,-16754.694902087875,36337.16351900074,-20217.312546720714,-50750.674348734436,-81628.68786423946,-81466.72156308289,22107.568766155713
19134.66411214435,53648.27308348214,-81144.38445707598,-26497.216570342243,-7684.200539799304,18374.77636222127,-11952.970394424188,76801.21298507218,7593.646120599539,-42087.07681637996
63546.45984002552,8101.5739600913075,14647.18299506117,-18221.65793049527,-14493.398244140768,28941.07353666066,14158.140339505087,-18834.608560432287,-9219.06104603262,16.18648785125515
9607.880757064804,7704.810993639932,4145.540778637551,-32671.467122860635,11819.563761423755,-1717.729852117016,-69796.92977318542,12114.997214701314,59128.195701306024,11066.732947783064
42346.710333386356,-12239.042087535545,-48144.79010604764,-73300.09678642308,42512.30145313837,9709.88245533936,39363.013115699796,-27199.961818196152,-32488.935220768646,125.07783364459647
-28261.08577166755,-53261.80312885719,-43688.38760393594,-55773.99432828164,-3538.7182888749376,70202.30096003764,-9963.707451229153,48502.953595540996,40316.328539586786,-21346.878217290876
24949.836707052953,-121428.35470629507,-28425.07324329773,-27648.015667250875,13675.492158134959,10089.066029201882,70537.28257184156,-69929.89644147769,-3228.5230504975443,-6509.8726591885625
-40075.094051327964,-24140.689743472438,-51301.410851606975,4763.35680140694,-14119.411489757182,-13640.045534741688,-52878.81973742711,19756.528370099553,7803.029946353029,-22428.80959072409
23259.401524665616,-5767.094107210229,36189.01732728785,-60071.50634691011,-38058.02085527102,37181.56186192924,39737.61357837646,-2892.717706589079,-56010.195758176254,39777.97661293349
-20775.106281737346,-1034.6379847133485,31959.601632780967,-107172.80861401983,-12414.040134865594,17664.171932700803,70263.93166998393,-59243.15631450528,9235.82975951716,24149.132032146885
-47366.45885900689,37013.48325553058,-17180.30834673558,-16008.89592339733,34730.53937391547,-8595.971846812128,-16293.3662182294,57474.87372310222,10249.322469706553,67868.12584848309
2133.0310513793647,-10417.751955751706,45913.71690436871,-27410.433081452342,93052.44964289987,13621.377986424952,-55117.34683625118,-45462.094259237805,-1705.7659221674794,11387.16664148632
7359.483636445644,8918.844017869635,-20026.301175036286,-73901.3406340434,86313.05396001371,2489.4391034381188,-34875.705353452744,10600.9952510703,-75006.20454193678,-31107.75078023396
46699.17652395274,-62288.1793178078,-824.4894552791447,-45207.87704051394,83785.40822844901,-19260.65299581264,-67540.55842892866,19750.276149601385,-63454.537228114015,22558.57329809074
84737.0748744569,12856.39376075886,38451.200713622246,-27846.531295343397,12307.906605885413,-7027.40133247087,-18137.735487170372,18575.587078080443,-17473.15979749111,-27224.538063177653
9358.591892800903,-5041.501490398227,-40390.16492999499,-21005.088242326303,42533.405577948135,9050.938976720776,23825.047602934595,-27327.897193623827,10078.794510497566,33734.38817057968
40644.23354877079,22937.239246893987,-15958.923524616535,6467.183013200951,16173.006445483574,31998.65593027536,-44153.30183167929,32007.52653327297,19301.416680894985,-6800.767636974702
2046.2876488730763,2214.035661685066,-27178.142719305353,-22782.331547330614,84.91022203897137,34865.33562055402,25156.943526119467,-57627.370772543334,-12625.248815979685,-17825.776537690523
11269.191053820556,-21211.86300577083,45698.7107805597,-40426.31169296152,9824.833367711642,68960.52387897026,-14792.868572109703,-3586.9459911883314,63998.061822429634,46628.7989165036
-25304.57447599758,-29894.252752761353,9365.1817468066,-25471.807124421583,-35245.7158742986,62504.695883271444,-22931.24688825988,-48085.07633575767,3202.9289364882115,20260.89862292413
48938.05331754742,-45045.4554204022,-94661.37651520118,37884.2824718034,-9969.262298365229,24657.697525611133,24763.1472741921,-1780.9098283062776,29889.956045671828,34869.35773923869
55895.83024026865,-12928.72441898921,-19348.366259179875,-32071.86219723058,24873.81822164676,-54802.30170582334,63377.793705597054,-14018.753794667486,31861.359786190016,59479.18671793403
-43079.40062119925,12244.719856891898,7327.883324163542,1103.6310800769206,57045.11335014313,36687.60715800566,43973.786687281055,-69595.18973855012,57501.000896503276,37223.00953712439
38597.82813069651,44501.6320106372,-942.2763159833548,16659.536698593016,60057.39586295563,-9712.587579582598,56041.28724691525,22568.396120451904,-9795.099917560228,-12244.082690984185
22396.520709986675,-59959.77269170762,95503.51575625742,-18651.24432349417,96227.86089564889,51937.34575341492,-14841.37567698583,-11169.552373103754,77490.27856665605,16004.271823173673
26811.020287313273,56588.5691761452,-26373.123403388756,-45190.829981569535,26890.167058502804,-2984.045198029138,6751.367284344683,-48668.05514974815,-58247.171874069725,-5571.119750731391
1876.9578920366675,-14740.554179664488,37262.34757670821,-88071.20499937225,11641.054436118795,-27371.351960705284,62171.407779753696,-802.5347810664452,-8148.2840752381335,-19324.91161649104
5010.911445629736,2739.520354067852,-19835.712141203814,-37048.20499272967,-24613.52496494046,35830.96355023561,-36222.550544556456,-4012.8673754396114,-18549.65689368276,55493.89955835742
48512.93085775215,18707.45386312738,34930.67389862589,-51368.246297268066,38986.32847944236,49609.70602578214,-53081.36085967944,14158.797883438256,-3006.943579442077,64117.45057115059
-28693.619613453928,-45801.82356392125,14933.003293942831,-4530.595615035929,10234.895347147103,-3763.8416534268235,27276.586258762454,51388.17788651761,-50179.46634545515,-17359.450092391613
23343.125820712794,2699.189199353016,9373.716231967286,-10862.007679677536,8962.41237913767,1655.8598305267806,60398.946867925886,-94800.56118450953,-17656.2666683325,1363.216568217914
21819.46573216027,10734.866730783155,-60748.54593281394,-26941.49574674933,64744.079593632196,46855.59393134078,-59269.25805240499,15843.22299977583,-21735.624117007443,-42937.01627647518
84946.18484501117,10849.62268662741,-17080.832366209863,-72830.57263794275,27305.928532344493,28924.50228032297,17278.582548415467,-19443.223774364706,32634.676689084336,-5393.566234146865
